Workbook

Sheet Tableur_plat_Erreurs
A2: Intitulés différents dans TEND (uniquement)
A3: Bioénergies | B3: Biomasse | C3: Biogaz issu de Cultures intermédiaires méthanisées | D3: TWh | E3: TEND | H3: Cultures intermédiaires méthanisées
A4: Bioénergies | B4: Biomasse | C4: Biogaz issu de déchets alimentaires | D4: TWh | E4: TEND | H4: Déchets alimentaires
A5: Bioénergies | B5: Biomasse | C5: Biogaz issu de déjections d'élevage méthanisées | D5: TWh | E5: TEND | H5: Déjections d'élevage méthanisées
A6: Bioénergies | B6: Biomasse | C6: Biogaz issu de Herbe et cultures fourragères méthanisées | D6: TWh | E6: TEND | H6: Herbe et cultures fourragères méthanisées
A7: Bioénergies | B7: Biomasse | C7: Biogaz issu de Résidus de culture méthanisés | D7: TWh | E7: TEND | H7: Résidus de culture méthanisés
A8: Bioénergies | B8: Biomasse liquide | C8: Biocarburants 2nde generation | D8: TWh | E8: TEND | G8: Biomasse
A9: Bioénergies | B9: Biomasse liquide | C9: Biodiesel | D9: TWh | E9: TEND | G9: Biomasse
A10: Bioénergies | B10: Biomasse liquide | C10: Biogazole d'algues | D10: TWh | E10: TEND | G10: Biomasse
A11: Bioénergies | B11: Biomasse liquide | C11: Ethanol | D11: TWh | E11: TEND | G11: Biomasse
A12: Bioénergies | B12: Biomasse liquide | C12: Ethanol d'algues | D12: TWh | E12: TEND | G12: Biomasse
A13: Indicateurs agro-environnementaux | B13: Consommation d'eau | C13: Consommation d'eau pour l'irrigation du maïs | D13: M m3 | E13: TEND | H13: maïs
A14: Indicateurs agro-environnementaux | B14: Surface irriguée | C14: Surface irriguée de céréales hors maïs | D14: kha | E14: TEND | H14: céréales hors maïs
A15: Indicateurs agro-environnementaux | B15: Surface irriguée | C15: Surface irriguée de légumes, fruits | D15: kha | E15: TEND | H15: légumes, fruits
A16: Indicateurs agro-environnementaux | B16: Surface irriguée | C16: Surface irriguée de maïs | D16: kha | E16: TEND | H16: maïs
A18: Intitulé modifié
A19: Indicateurs agro-environnementaux | C19: Linéaire de haies nouvelles -> Linéraire de haies | D19: milliers de km | E19: S1
A20: Indicateurs agro-environnementaux | C20: Linéaire de haies nouvelles | D20: milliers de km | E20: S2
A21: Indicateurs agro-environnementaux | C21: Linéaire de haies nouvelles | D21: milliers de km | E21: S3
A22: Indicateurs agro-environnementaux | C22: Linéaire de haies nouvelles | D22: milliers de km | E22: S4
A23: Indicateurs agro-environnementaux | C23: Linéaire de haies nouvelles | D23: milliers de km | E23: TEND
A25: Ligne supprimée
A26: Indicateurs agro-environnementaux | C26: Surfaces en cultures intermédiaires | D26: kha | E26: S1
A27: Indicateurs agro-environnementaux | C27: Surfaces en cultures intermédiaires | D27: kha | E27: S2
A28: Indicateurs agro-environnementaux | C28: Surfaces en cultures intermédiaires | D28: kha | E28: S3
A29: Indicateurs agro-environnementaux | C29: Surfaces en cultures intermédiaires | D29: kha | E29: S4
A30: Indicateurs agro-environnementaux | C30: Surfaces en cultures intermédiaires | D30: kha | E30: TEND

Sheet ADEME
A1: Catégorie | B1: Sous-catégorie | C1: Variable | D1: Unité | E1: Scénario | F1: 2020 | G1: 2025 | H1: 2030 | I1: 2035 | J1: 2040 | K1: 2045 | L1: 2050 | M1: Intitule_developpe | N1: Correspondance
A2: Alimentation Humaine | B2: Approvisionnement | C2: Boissons alcooliques | D2: kt | E2: TEND | F2: 6204.445 | G2: 6265.7309 | H2: 6335.1426 | I2: 6397.1438 | J2: 6441.5308 | K2: 6460.896 | L2: 6452.1059 | M2: =A2&"-"&B2&"-"&C2&"-"&D2&"-"&E2 -> Alimentation Humaine-Approvisionnement-Boissons alcooliques-kt-TEND | N2: =MATCH(M2,'[1]Données Agriculture'!$M:$M,FALSE) -> 2
A3: Alimentation Humaine | B3: Approvisionnement | C3: Café thé cacao | D3: kt | E3: TEND | F3: 657.84814 | G3: 647.71434 | H3: 609.33069 | I3: 553.35109 | J3: 495.84164 | K3: 452.92334 | L3: 436.2066 | M3: =A3&"-"&B3&"-"&C3&"-"&D3&"-"&E3 -> Alimentation Humaine-Approvisionnement-Café thé cacao-kt-TEND | N3: =MATCH(M3,'[1]Données Agriculture'!$M:$M,FALSE) -> 7
A4: Alimentation Humaine | B4: Approvisionnement | C4: Céréales | D4: kt | E4: TEND | F4: 8121.3816 | G4: 8180.0485 | H4: 8211.5309 | I4: 8211.2675 | J4: 8188.1212 | K4: 8154.5687 | L4: 8122.3487 | M4: =A4&"-"&B4&"-"&C4&"-"&D4&"-"&E4 -> Alimentation Humaine-Approvisionnement-Céréales-kt-TEND | N4: =MATCH(M4,'[1]Données Agriculture'!$M:$M,FALSE) -> 12
A5: Alimentation Humaine | B5: Approvisionnement | C5: Coquillages et crustacés | D5: kt | E5: TEND | F5: 624.82049 | G5: 632.75999 | H5: 644.63506 | I5: 657.61485 | J5: 668.85015 | K5: 675.73313 | L5: 676.58924 | M5: =A5&"-"&B5&"-"&C5&"-"&D5&"-"&E5 -> Alimentation Humaine-Approvisionnement-Coquillages et crustacés-kt-TEND | N5: =MATCH(M5,'[1]Données Agriculture'!$M:$M,FALSE) -> 17
A6: Alimentation Humaine | B6: Approvisionnement | C6: Fruits | D6: kt | E6: TEND | F6: 6659.2392 | G6: 6915.6702 | H6: 7513.4878 | I6: 8293.16 | J6: 9047.1251 | K6: 9576.55 | L6: 9745.199 | M6: =A6&"-"&B6&"-"&C6&"-"&D6&"-"&E6 -> Alimentation Humaine-Approvisionnement-Fruits-kt-TEND | N6: =MATCH(M6,'[1]Données Agriculture'!$M:$M,FALSE) -> 22
A7: Alimentation Humaine | B7: Approvisionnement | C7: Fruits coque | D7: kt | E7: TEND | F7: 523.9601 | G7: 552.0603 | H7: 621.3136 | I7: 714.05653 | J7: 805.80464 | K7: 871.67507 | L7: 893.62475 | M7: =A7&"-"&B7&"-"&C7&"-"&D7&"-"&E7 -> Alimentation Humaine-Approvisionnement-Fruits coque-kt-TEND | N7: =MATCH(M7,'[1]Données Agriculture'!$M:$M,FALSE) -> 27
A8: Alimentation Humaine | B8: Approvisionnement | C8: Lait et beurre | D8: kt | E8: TEND | F8: 15287.544 | G8: 15383.032 | H8: 15400.97 | I8: 15343.436 | J8: 15242.514 | K8: 15137.497 | L8: 15062.06 | M8: =A8&"-"&B8&"-"&C8&"-"&D8&"-"&E8 -> Alimentation Humaine-Approvisionnement-Lait et beurre-kt-TEND | N8: =MATCH(M8,'[1]Données Agriculture'!$M:$M,FALSE) -> 32
A9: Alimentation Humaine | B9: Approvisionnement | C9: Légumes | D9: kt | E9: TEND | F9: 7002.9432 | G9: 7122.3179 | H9: 7338.3459 | I9: 7595.674 | J9: 7831.0106 | K9: 7986.0508 | L9: 8022.7097 | M9: =A9&"-"&B9&"-"&C9&"-"&D9&"-"&E9 -> Alimentation Humaine-Approvisionnement-Légumes-kt-TEND | N9: =MATCH(M9,'[1]Données Agriculture'!$M:$M,FALSE) -> 37
A10: Alimentation Humaine | B10: Approvisionnement | C10: Légumineuses | D10: kt | E10: TEND | F10: 99.691524 | G10: 109.75543 | H10: 135.9724 | I10: 171.60951 | J10: 207.14699 | K10: 232.87053 | L10: 241.70488 | M10: =A10&"-"&B10&"-"&C10&"-"&D10&"-"&E10 -> Alimentation Humaine-Approvisionnement-Légumineuses-kt-TEND | N10: =MATCH(M10,'[1]Données Agriculture'!$M:$M,FALSE) -> 42
A11: Alimentation Humaine | B11: Approvisionnement | C11: Œufs | D11: kt | E11: TEND | F11: 831.7287 | G11: 839.65653 | H11: 848.18872 | I11: 855.48865 | J11: 860.48592 | K11: 862.42751 | L11: 861.02751 | M11: =A11&"-"&B11&"-"&C11&"-"&D11&"-"&E11 -> Alimentation Humaine-Approvisionnement-Œufs-kt-TEND | N11: =MATCH(M11,'[1]Données Agriculture'!$M:$M,FALSE) -> 47
A12: Alimentation Humaine | B12: Approvisionnement | C12: Plantes oléifères et huiles | D12: kt | E12: TEND | F12: 984.3572 | G12: 1016.8266 | H12: 1090.755 | I12: 1187.4853 | J12: 1281.9605 | K12: 1348.8864 | L12: 1370.0565 | M12: =A12&"-"&B12&"-"&C12&"-"&D12&"-"&E12 -> Alimentation Humaine-Approvisionnement-Plantes oléifères et huiles-kt-TEND | N12: =MATCH(M12,'[1]Données Agriculture'!$M:$M,FALSE) -> 52
A13: Alimentation Humaine | B13: Approvisionnement | C13: Poissons | D13: kt | E13: TEND | F13: 1488.8137 | G13: 1531.3091 | H13: 1624.5875 | I13: 1744.708 | J13: 1860.5779 | K13: 1941.6335 | L13: 1966.4255 | M13: =A13&"-"&B13&"-"&C13&"-"&D13&"-"&E13 -> Alimentation Humaine-Approvisionnement-Poissons-kt-TEND | N13: =MATCH(M13,'[1]Données Agriculture'!$M:$M,FALSE) -> 57
... A80: Bilan alimentation animale | B80: Surfaces allouées à l'alimentation animale | C80: Surfaces de prairies permanentes allouées aux productions animales | D80: kha | E80: TEND | F80: 10355.723 | G80: 9595.2087 | H80: 7404.4045 | I80: 4089.1785 | J80: 285.47193 | K80: -2913.3718 | L80: -4194.102 | M80: =A80&"-"&B80&"-"&C80&"-"&D80&"-"&E80 -> Bilan alimentation animale-Surfaces allouées à l'alimentation animale-Surfaces de prairies permanentes allouées aux productions animales-kha-TEND | N80: =MATCH(M80,'[1]Données Agriculture'!$M:$M,FALSE) -> 392
A81: Bilan azote | C81: Bilan d'azote total | D81: ktN | E81: TEND | F81: 5889.9078 | G81: 5882.5047 | H81: 5862.2789 | I81: 5834.65 | J81: 5807.0211 | K81: 5786.7954 | L81: 5779.3922 | M81: =A81&"-"&B81&"-"&C81&"-"&D81&"-"&E81 -> Bilan azote--Bilan d'azote total-ktN-TEND | N81: =MATCH(M81,'[1]Données Agriculture'!$M:$M,FALSE) -> 397
A82: Bilan azote | C82: Engrais minéraux | D82: ktN | E82: TEND | F82: 1742.05 | G82: 1698.2439 | H82: 1578.5632 | I82: 1415.0765 | J82: 1251.5898 | K82: 1131.9091 | L82: 1088.103 | M82: =A82&"-"&B82&"-"&C82&"-"&D82&"-"&E82 -> Bilan azote--Engrais minéraux-ktN-TEND | N82: =MATCH(M82,'[1]Données Agriculture'!$M:$M,FALSE) -> 402
A83: Bilan azote | C83: Exportations par les cultures | D83: ktN | E83: TEND | F83: -2959.319 | G83: -2979.6782 | H83: -3035.3007 | I83: -3111.2825 | J83: -3187.2643 | K83: -3242.8868 | L83: -3263.246 | M83: =A83&"-"&B83&"-"&C83&"-"&D83&"-"&E83 -> Bilan azote--Exportations par les cultures-ktN-TEND | N83: =MATCH(M83,'[1]Données Agriculture'!$M:$M,FALSE) -> 407
A84: Bilan azote | C84: Exportations par les fourrages et pâture | D84: ktN | E84: TEND | F84: -1228.122 | G84: -1231.907 | H84: -1242.2477 | I84: -1256.3735 | J84: -1270.4993 | K84: -1280.84 | L84: -1284.625 | M84: =A84&"-"&B84&"-"&C84&"-"&D84&"-"&E84 -> Bilan azote--Exportations par les fourrages et pâture-ktN-TEND | N84: =MATCH(M84,'[1]Données Agriculture'!$M:$M,FALSE) -> 412
A85: Bilan azote | C85: Fixation symbiotique | D85: ktN | E85: TEND | F85: 430.835 | G85: 454.08294 | H85: 517.5975 | I85: 604.36 | J85: 691.1225 | K85: 754.63706 | L85: 777.885 | M85: =A85&"-"&B85&"-"&C85&"-"&D85&"-"&E85 -> Bilan azote--Fixation symbiotique-ktN-TEND | N85: =MATCH(M85,'[1]Données Agriculture'!$M:$M,FALSE) -> 417
A86: Bilan azote | C86: Recyclage (engrais verts) | D86: ktN | E86: TEND | F86: 200.21188 | G86: 197.34442 | H86: 189.51035 | I86: 178.80881 | J86: 168.10727 | K86: 160.2732 | L86: 157.40574 | M86: =A86&"-"&B86&"-"&C86&"-"&D86&"-"&E86 -> Bilan azote--Recyclage (engrais verts)-ktN-TEND | N86: =MATCH(M86,'[1]Données Agriculture'!$M:$M,FALSE) -> 422
A87: Bilan azote | C87: Recyclage (épandage digestat) | D87: ktN | E87: TEND | F87: 109.184 | G87: 165.11665 | H87: 317.9275 | I87: 526.671 | J87: 735.4145 | K87: 888.22535 | L87: 944.158 | M87: =A87&"-"&B87&"-"&C87&"-"&D87&"-"&E87 -> Bilan azote--Recyclage (épandage digestat)-ktN-TEND | N87: =MATCH(M87,'[1]Données Agriculture'!$M:$M,FALSE) -> 427
A88: Bilan azote | C88: Recyclage (épandage fumier, lisier) | D88: ktN | E88: TEND | F88: 864.365 | G88: 823.30326 | H88: 711.1205 | I88: 557.876 | J88: 404.6315 | K88: 292.44874 | L88: 251.387 | M88: =A88&"-"&B88&"-"&C88&"-"&D88&"-"&E88 -> Bilan azote--Recyclage (épandage fumier, lisier)-ktN-TEND | N88: =MATCH(M88,'[1]Données Agriculture'!$M:$M,FALSE) -> 432
A89: Bilan azote | C89: Recyclage (redéposition atmosph., pâture, végétaux laissés au champ) | D89: ktN | E89: TEND | F89: 2543.2619 | G89: 2544.4136 | H89: 2547.5598 | I89: 2551.8577 | J89: 2556.1556 | K89: 2559.3019 | L89: 2560.4535 | M89: =A89&"-"&B89&"-"&C89&"-"&D89&"-"&E89 -> Bilan azote--Recyclage (redéposition atmosph., pâture, végétaux laissés au champ)-ktN-TEND | N89: =MATCH(M89,'[1]Données Agriculture'!$M:$M,FALSE) -> 437
A90: Bilan azote | C90: Solde au sol | D90: ktN | E90: TEND | F90: -968.517 | G90: -959.8321 | H90: -936.1045 | I90: -903.692 | J90: -871.2795 | K90: -847.5519 | L90: -838.867 | M90: =A90&"-"&B90&"-"&C90&"-"&D90&"-"&E90 -> Bilan azote--Solde au sol-ktN-TEND | N90: =MATCH(M90,'[1]Données Agriculture'!$M:$M,FALSE) -> 442
A91: Bilan azote | C91: Solde au sol (kg/ha) | D91: kg/ha | E91: TEND | F91: 34.291491 | G91: 34.063988 | H91: 33.436942 | I91: 32.567146 | J91: 31.681692 | K91: 31.023322 | L91: 30.780154 | M91: =A91&"-"&B91&"-"&C91&"-"&D91&"-"&E91 -> Bilan azote--Solde au sol (kg/ha)-kg/ha-TEND | N91: =MATCH(M91,'[1]Données Agriculture'!$M:$M,FALSE) -> 447
A92: Bilan azote | C92: Volatilisation | D92: ktN | E92: TEND | F92: -733.95 | G92: -711.08764 | H92: -648.6265 | I92: -563.303 | J92: -477.9795 | K92: -415.51836 | L92: -392.656 | M92: =A92&"-"&B92&"-"&C92&"-"&D92&"-"&E92 -> Bilan azote--Volatilisation-ktN-TEND | N92: =MATCH(M92,'[1]Données Agriculture'!$M:$M,FALSE) -> 452
A93: Bilan d'approvisionnement | B93: Alimentation animale | C93: Blé | D93: kt | E93: TEND | F93: 6514.9068 | G93: 6435.9425 | H93: 6129.5433 | I93: 5681.3813 | J93: 5220.1854 | K93: 4881.7481 | L93: 4769.9207 | M93: =A93&"-"&B93&"-"&C93&"-"&D93&"-"&E93 -> Bilan d'approvisionnement-Alimentation animale-Blé-kt-TEND | N93: =MATCH(M93,'[1]Données Agriculture'!$M:$M,FALSE) -> 457
A94: Bilan d'approvisionnement | B94: Alimentation animale | C94: Céréales | D94: kt | E94: TEND | F94: 17780.484 | G94: 17564.975 | H94: 16728.75 | I94: 15505.626 | J94: 14246.931 | K94: 13323.267 | L94: 13018.068 | M94: =A94&"-"&B94&"-"&C94&"-"&D94&"-"&E94 -> Bilan d'approvisionnement-Alimentation animale-Céréales-kt-TEND | N94: =MATCH(M94,'[1]Données Agriculture'!$M:$M,FALSE) -> 462
A95: Bilan d'approvisionnement | B95: Alimentation animale | C95: Fruits | D95: kt | E95: TEND | F95: 0 | G95: 0 | H95: 0 | I95: 0 | J95: 0 | K95: 0 | L95: 0 | M95: =A95&"-"&B95&"-"&C95&"-"&D95&"-"&E95 -> Bilan d'approvisionnement-Alimentation animale-Fruits-kt-TEND | N95: =MATCH(M95,'[1]Données Agriculture'!$M:$M,FALSE) -> 467
A96: Bilan d'approvisionnement | B96: Alimentation animale | C96: Lait | D96: kt | E96: TEND | F96: 1517.7457 | G96: 1499.3498 | H96: 1427.9694 | I96: 1323.5634 | J96: 1216.1208 | K96: 1137.2768 | L96: 1111.2249 | M96: =A96&"-"&B96&"-"&C96&"-"&D96&"-"&E96 -> Bilan d'approvisionnement-Alimentation animale-Lait-kt-TEND | N96: =MATCH(M96,'[1]Données Agriculture'!$M:$M,FALSE) -> 472
A97: Bilan d'approvisionnement | B97: Alimentation animale | C97: Légumes | D97: kt | E97: TEND | F97: 14.877889 | G97: 14.69756 | H97: 13.997846 | I97: 12.974392 | J97: 11.921174 | K97: 11.148295 | L97: 10.892918 | M97: =A97&"-"&B97&"-"&C97&"-"&D97&"-"&E97 -> Bilan d'approvisionnement-Alimentation animale-Légumes-kt-TEND | N97: =MATCH(M97,'[1]Données Agriculture'!$M:$M,FALSE) -> 477
A98: Bilan d'approvisionnement | B98: Alimentation animale | C98: Viande | D98: kt | E98: TEND | F98: 0 | G98: 0 | H98: 0 | I98: 0 | J98: 0 | K98: 0 | L98: 0 | M98: =A98&"-"&B98&"-"&C98&"-"&D98&"-"&E98 -> Bilan d'approvisionnement-Alimentation animale-Viande-kt-TEND | N98: =MATCH(M98,'[1]Données Agriculture'!$M:$M,FALSE) -> 482
A99: Bilan d'approvisionnement | B99: Alimentation humaine | C99: Blé | D99: kt | E99: TEND | F99: 6519.7484 | G99: 6529.0738 | H99: 6450.6775 | I99: 6309.2149 | J99: 6150.7533 | K99: 6023.1026 | L99: 5961.9783 | M99: =A99&"-"&B99&"-"&C99&"-"&D99&"-"&E99 -> Bilan d'approvisionnement-Alimentation humaine-Blé-kt-TEND | N99: =MATCH(M99,'[1]Données Agriculture'!$M:$M,FALSE) -> 487
A100: Bilan d'approvisionnement | B100: Alimentation humaine | C100: Céréales | D100: kt | E100: TEND | F100: 8121.3816 | G100: 8180.0485 | H100: 8211.5309 | I100: 8211.2675 | J100: 8188.1212 | K100: 8154.5687 | L100: 8122.3487 | M100: =A100&"-"&B100&"-"&C100&"-"&D100&"-"&E100 -> Bilan d'approvisionnement-Alimentation humaine-Céréales-kt-TEND | N100: =MATCH(M100,'[1]Données Agriculture'!$M:$M,FALSE) -> 492
A101: Bilan d'approvisionnement | B101: Alimentation humaine | C101: Fruits | D101: kt | E101: TEND | F101: 6659.2392 | G101: 6915.6702 | H101: 7513.4878 | I101: 8293.16 | J101: 9047.1251 | K101: 9576.55 | L101: 9745.199 | M101: =A101&"-"&B101&"-"&C101&"-"&D101&"-"&E101 -> Bilan d'approvisionnement-Alimentation humaine-Fruits-kt-TEND | N101: =MATCH(M101,'[1]Données Agriculture'!$M:$M,FALSE) -> 497
A102: Bilan d'approvisionnement | B102: Alimentation humaine | C102: Lait | D102: kt | E102: TEND | F102: 15287.544 | G102: 15383.032 | H102: 15400.97 | I102: 15343.436 | J102: 15242.514 | K102: 15137.497 | L102: 15062.06 | M102: =A102&"-"&B102&"-"&C102&"-"&D102&"-"&E102 -> Bilan d'approvisionnement-Alimentation humaine-Lait-kt-TEND | N102: =MATCH(M102,'[1]Données Agriculture'!$M:$M,FALSE) -> 502
A103: Bilan d'approvisionnement | B103: Alimentation humaine | C103: Légumes | D103: kt | E103: TEND | F103: 7002.9432 | G103: 7122.3179 | H103: 7338.3459 | I103: 7595.674 | J103: 7831.0106 | K103: 7986.0508 | L103: 8022.7097 | M103: =A103&"-"&B103&"-"&C103&"-"&D103&"-"&E103 -> Bilan d'approvisionnement-Alimentation humaine-Légumes-kt-TEND | N103: =MATCH(M103,'[1]Données Agriculture'!$M:$M,FALSE) -> 507
A104: Bilan d'approvisionnement | B104: Alimentation humaine | C104: Viande | D104: kt | E104: TEND | F104: 5386.8199 | G104: 5436.7953 | H104: 5488.25 | I104: 5530.2378 | J104: 5557.2376 | K104: 5565.8671 | L104: 5555.3994 | M104: =A104&"-"&B104&"-"&C104&"-"&D104&"-"&E104 -> Bilan d'approvisionnement-Alimentation humaine-Viande-kt-TEND | N104: =MATCH(M104,'[1]Données Agriculture'!$M:$M,FALSE) -> 512
... A153: Bioénergies | B153: Biomasse | C153: Total hors forêt et produits dérivés du bois | D153: TWh | E153: TEND | F153: 147.50219 | G153: 147.2965 | H153: 147.45537 | I153: 148.83172 | J153: 150.27377 | K153: 148.57602 | L153: 142.50039 | M153: =A153&"-"&B153&"-"&C153&"-"&D153&"-"&E153 -> Bioénergies-Biomasse-Total hors forêt et produits dérivés du bois-TWh-TEND | N153: =MATCH(M153,'[1]Données Agriculture'!$M:$M,FALSE) -> 752
A154: Changement d'usage des terres | C154: Autres surfaces_reste_Autres surfaces | D154: kha | E154: TEND | F154: 3371.7315 | G154: 3371.7315 | H154: 3371.7315 | I154: 3371.7315 | J154: 3371.7315 | K154: 3371.7315 | L154: 3371.7315 | M154: =A154&"-"&B154&"-"&C154&"-"&D154&"-"&E154 -> Changement d'usage des terres--Autres surfaces_reste_Autres surfaces-kha-TEND | N154: =MATCH(M154,'[1]Données Agriculture'!$M:$M,FALSE) -> 762
A155: Changement d'usage des terres | C155: Autres surfaces_vers_Forêt | D155: kha | E155: TEND | F155: 0 | G155: 10.217704 | H155: 38.13299 | I155: 76.26598 | J155: 114.39897 | K155: 142.31426 | L155: 152.53196 | M155: =A155&"-"&B155&"-"&C155&"-"&D155&"-"&E155 -> Changement d'usage des terres--Autres surfaces_vers_Forêt-kha-TEND | N155: =MATCH(M155,'[1]Données Agriculture'!$M:$M,FALSE) -> 767
A156: Changement d'usage des terres | C156: Autres surfaces_vers_Prairies productives | D156: kha | E156: TEND | F156: 0 | G156: 1.459672 | H156: 5.44757 | I156: 10.89514 | J156: 16.34271 | K156: 20.330608 | L156: 21.79028 | M156: =A156&"-"&B156&"-"&C156&"-"&D156&"-"&E156 -> Changement d'usage des terres--Autres surfaces_vers_Prairies productives-kha-TEND | N156: =MATCH(M156,'[1]Données Agriculture'!$M:$M,FALSE) -> 772
A157: Changement d'usage des terres | C157: Autres surfaces_vers_STH peu productives | D157: kha | E157: TEND | F157: 0 | G157: 1.459672 | H157: 5.44757 | I157: 10.89514 | J157: 16.34271 | K157: 20.330608 | L157: 21.79028 | M157: =A157&"-"&B157&"-"&C157&"-"&D157&"-"&E157 -> Changement d'usage des terres--Autres surfaces_vers_STH peu productives-kha-TEND | N157: =MATCH(M157,'[1]Données Agriculture'!$M:$M,FALSE) -> 777
A158: Changement d'usage des terres | C158: Autres surfaces_vers_Surfaces arables | D158: kha | E158: TEND | F158: 0 | G158: 1.459672 | H158: 5.44757 | I158: 10.89514 | J158: 16.34271 | K158: 20.330608 | L158: 21.79028 | M158: =A158&"-"&B158&"-"&C158&"-"&D158&"-"&E158 -> Changement d'usage des terres--Autres surfaces_vers_Surfaces arables-kha-TEND | N158: =MATCH(M158,'[1]Données Agriculture'!$M:$M,FALSE) -> 782
A159: Changement d'usage des terres | C159: Autres surfaces_vers_Surfaces artificialisées | D159: kha | E159: TEND | F159: 0 | G159: 2.8187581 | H159: 10.519748 | I159: 21.039497 | J159: 31.559245 | K159: 39.260235 | L159: 42.078993 | M159: =A159&"-"&B159&"-"&C159&"-"&D159&"-"&E159 -> Changement d'usage des terres--Autres surfaces_vers_Surfaces artificialisées-kha-TEND | N159: =MATCH(M159,'[1]Données Agriculture'!$M:$M,FALSE) -> 787
A160: Changement d'usage des terres | C160: Autres surfaces_vers_Vignes | D160: kha | E160: TEND | F160: 0 | G160: 0 | H160: 0 | I160: 0 | J160: 0 | K160: 0 | L160: 0 | M160: =A160&"-"&B160&"-"&C160&"-"&D160&"-"&E160 -> Changement d'usage des terres--Autres surfaces_vers_Vignes-kha-TEND | N160: =MATCH(M160,'[1]Données Agriculture'!$M:$M,FALSE) -> 792
A161: Changement d'usage des terres | C161: Forêt_reste_Forêt | D161: kha | E161: TEND | F161: 17129.425 | G161: 17129.425 | H161: 17129.425 | I161: 17129.425 | J161: 17129.425 | K161: 17129.425 | L161: 17129.425 | M161: =A161&"-"&B161&"-"&C161&"-"&D161&"-"&E161 -> Changement d'usage des terres--Forêt_reste_Forêt-kha-TEND | N161: =MATCH(M161,'[1]Données Agriculture'!$M:$M,FALSE) -> 797
A162: Changement d'usage des terres | C162: Forêt_vers_Autres surfaces | D162: kha | E162: TEND | F162: 0 | G162: 2.343145 | H162: 8.7447362 | I162: 17.489472 | J162: 26.234209 | K162: 32.6358 | L162: 34.978945 | M162: =A162&"-"&B162&"-"&C162&"-"&D162&"-"&E162 -> Changement d'usage des terres--Forêt_vers_Autres surfaces-kha-TEND | N162: =MATCH(M162,'[1]Données Agriculture'!$M:$M,FALSE) -> 802
A163: Changement d'usage des terres | C163: Forêt_vers_Prairies productives | D163: kha | E163: TEND | F163: 0 | G163: 3.5147175 | H163: 13.117104 | I163: 26.234209 | J163: 39.351313 | K163: 48.9537 | L163: 52.468417 | M163: =A163&"-"&B163&"-"&C163&"-"&D163&"-"&E163 -> Changement d'usage des terres--Forêt_vers_Prairies productives-kha-TEND | N163: =MATCH(M163,'[1]Données Agriculture'!$M:$M,FALSE) -> 807
A164: Changement d'usage des terres | C164: Forêt_vers_STH peu productives | D164: kha | E164: TEND | F164: 0 | G164: 1.7573588 | H164: 6.5585522 | I164: 13.117104 | J164: 19.675656 | K164: 24.47685 | L164: 26.234209 | M164: =A164&"-"&B164&"-"&C164&"-"&D164&"-"&E164 -> Changement d'usage des terres--Forêt_vers_STH peu productives-kha-TEND | N164: =MATCH(M164,'[1]Données Agriculture'!$M:$M,FALSE) -> 812
A165: Changement d'usage des terres | C165: Forêt_vers_Surfaces arables | D165: kha | E165: TEND | F165: 0 | G165: 2.9289313 | H165: 10.93092 | I165: 21.861841 | J165: 32.792761 | K165: 40.79475 | L165: 43.723681 | M165: =A165&"-"&B165&"-"&C165&"-"&D165&"-"&E165 -> Changement d'usage des terres--Forêt_vers_Surfaces arables-kha-TEND | N165: =MATCH(M165,'[1]Données Agriculture'!$M:$M,FALSE) -> 817
... A209: Changement d'usage des terres | C209: Vignes_vers_Surfaces artificialisées | D209: kha | E209: TEND | F209: 0 | G209: 0.18510698 | H209: 0.69082867 | I209: 1.3816573 | J209: 2.072486 | K209: 2.5782077 | L209: 2.7633147 | M209: =A209&"-"&B209&"-"&C209&"-"&D209&"-"&E209 -> Changement d'usage des terres--Vignes_vers_Surfaces artificialisées-kha-TEND | N209: =MATCH(M209,'[1]Données Agriculture'!$M:$M,FALSE) -> 1037
A210: Cheptels | B210: Productions Animales | C210: dont porc bio | D210: Milliers effectifs | E210: TEND | F210: 145.64911 | G210: 147.32198 | H210: 150.83316 | I210: 153.12342 | J210: 152.51989 | K210: 150.24347 | L210: 149.02255 | M210: =A210&"-"&B210&"-"&C210&"-"&D210&"-"&E210 -> Cheptels-Productions Animales-dont porc bio-Milliers effectifs-TEND | N210: =MATCH(M210,'[1]Données Agriculture'!$M:$M,FALSE) -> #N/A
A211: Cheptels | B211: Productions Animales | C211: dont porc conventionnel | D211: Milliers effectifs | E211: TEND | F211: 6991.1572 | G211: 6823.1845 | H211: 6368.5114 | I211: 5757.4407 | J211: 5157.9453 | K211: 4726.4225 | L211: 4570.025 | M211: =A211&"-"&B211&"-"&C211&"-"&D211&"-"&E211 -> Cheptels-Productions Animales-dont porc conventionnel-Milliers effectifs-TEND | N211: =MATCH(M211,'[1]Données Agriculture'!$M:$M,FALSE) -> #N/A
A212: Cheptels | B212: Productions Animales | C212: dont porc label | D212: Milliers effectifs | E212: TEND | F212: 145.64911 | G212: 156.87086 | H212: 184.35164 | I212: 214.37279 | J212: 235.71255 | K212: 245.83056 | L212: 248.37092 | M212: =A212&"-"&B212&"-"&C212&"-"&D212&"-"&E212 -> Cheptels-Productions Animales-dont porc label-Milliers effectifs-TEND | N212: =MATCH(M212,'[1]Données Agriculture'!$M:$M,FALSE) -> #N/A
A213: Cheptels | B213: Productions Animales | C213: dont poulet export | D213: Milliers effectifs | E213: TEND | F213: 44576.34 | G213: 43647.743 | H213: 41160.378 | I213: 37879.947 | J213: 34735.049 | K213: 32518.747 | L213: 31725.682 | M213: =A213&"-"&B213&"-"&C213&"-"&D213&"-"&E213 -> Cheptels-Productions Animales-dont poulet export-Milliers effectifs-TEND | N213: =MATCH(M213,'[1]Données Agriculture'!$M:$M,FALSE) -> 1057
A214: Cheptels | B214: Productions Animales | C214: dont poulet standard | D214: Milliers effectifs | E214: TEND | F214: 56463.364 | G214: 55615.681 | H214: 53329.533 | I214: 50277.021 | J214: 47305.828 | K214: 45182.318 | L214: 44415.954 | M214: =A214&"-"&B214&"-"&C214&"-"&D214&"-"&E214 -> Cheptels-Productions Animales-dont poulet standard-Milliers effectifs-TEND | N214: =MATCH(M214,'[1]Données Agriculture'!$M:$M,FALSE) -> 1062
A215: Cheptels | B215: Productions Animales | C215: dont poulets bio | D215: Milliers effectifs | E215: TEND | F215: 10401.146 | G215: 11087.957 | H215: 12884.988 | I215: 15151.979 | J215: 17202.119 | K215: 18565.448 | L215: 19035.409 | M215: =A215&"-"&B215&"-"&C215&"-"&D215&"-"&E215 -> Cheptels-Productions Animales-dont poulets bio-Milliers effectifs-TEND | N215: =MATCH(M215,'[1]Données Agriculture'!$M:$M,FALSE) -> 1067
A216: Cheptels | B216: Productions Animales | C216: dont poulets label | D216: Milliers effectifs | E216: TEND | F216: 37146.95 | G216: 36783.794 | H216: 35791.633 | I216: 34436.316 | J216: 33080.999 | K216: 32088.838 | L216: 31725.682 | M216: =A216&"-"&B216&"-"&C216&"-"&D216&"-"&E216 -> Cheptels-Productions Animales-dont poulets label-Milliers effectifs-TEND | N216: =MATCH(M216,'[1]Données Agriculture'!$M:$M,FALSE) -> 1072
A217: Cheptels | B217: Productions Animales | C217: dont lait système intermédiaire | D217: Millions de litres | E217: TEND | F217: 15739.409 | G217: 15741.396 | H217: 14804.874 | I217: 13296.06 | J217: 11741.87 | K217: 10660.407 | L217: 10437.687 | M217: =A217&"-"&B217&"-"&C217&"-"&D217&"-"&E217 -> Cheptels-Productions Animales-dont lait système intermédiaire-Millions de litres-TEND | N217: =MATCH(M217,'[1]Données Agriculture'!$M:$M,FALSE) -> #N/A
A218: Cheptels | B218: Productions Animales | C218: dont lait système extensif | D218: Millions de litres | E218: TEND | F218: 1767.709 | G218: 1753.3296 | H218: 1610.6985 | I218: 1397.7717 | J218: 1189.401 | K218: 1048.7891 | L218: 1015.4923 | M218: =A218&"-"&B218&"-"&C218&"-"&D218&"-"&E218 -> Cheptels-Productions Animales-dont lait système extensif-Millions de litres-TEND | N218: =MATCH(M218,'[1]Données Agriculture'!$M:$M,FALSE) -> #N/A
A219: Cheptels | B219: Productions Animales | C219: dont lait système conventionnel | D219: Millions de litres | E219: TEND | F219: 6713.8946 | G219: 6939.2381 | H219: 7115.483 | I219: 7140.1715 | J219: 6997.1131 | K219: 6830.2306 | L219: 6862.5641 | M219: =A219&"-"&B219&"-"&C219&"-"&D219&"-"&E219 -> Cheptels-Productions Animales-dont lait système conventionnel-Millions de litres-TEND | N219: =MATCH(M219,'[1]Données Agriculture'!$M:$M,FALSE) -> #N/A
A220: Cheptels | B220: Productions Animales | C220: Indice de consommation poulet de chair | D220: kg grain / kg carcasse | E220: TEND | F220: 2.9588235 | G220: 2.976851 | H220: 3.0261029 | I220: 3.0933824 | J220: 3.1606618 | K220: 3.2099137 | L220: 3.2279412 | M220: =A220&"-"&B220&"-"&C220&"-"&D220&"-"&E220 -> Cheptels-Productions Animales-Indice de consommation poulet de chair-kg grain / kg carcasse-TEND | N220: =MATCH(M220,'[1]Données Agriculture'!$M:$M,FALSE) -> 1092
A221: Cheptels | B221: Productions Animales | C221: Nombre d'UBG | D221: Milliers d'UGB | E221: TEND | F221: 17149.733 | G221: 16751.701 | H221: 15664.26 | I221: 14178.786 | J221: 12693.313 | K221: 11605.871 | L221: 11207.84 | M221: =A221&"-"&B221&"-"&C221&"-"&D221&"-"&E221 -> Cheptels-Productions Animales-Nombre d'UBG-Milliers d'UGB-TEND | N221: =MATCH(M221,'[1]Données Agriculture'!$M:$M,FALSE) -> 1142
... A391: Indicateurs agro-environnementaux | B391: Surface irriguée | C391: Surface irriguée | D391: kha | E391: TEND | F391: 1550.3461 | G391: 1628.3482 | H391: 1841.4539 | I391: 2132.5616 | J391: 2423.6694 | K391: 2636.7751 | L391: 2714.7772 | M391: =A391&"-"&B391&"-"&C391&"-"&D391&"-"&E391 -> Indicateurs agro-environnementaux-Surface irriguée-Surface irriguée-kha-TEND | N391: =MATCH(M391,'[1]Données Agriculture'!$M:$M,FALSE) -> 1948
A392: Indicateurs agro-environnementaux | C392: Agriculture biologique en grandes cultures | D392: % | E392: TEND | F392: 0.066571642 | G392: 0.07468667 | H392: 0.097041164 | I392: 0.12801887 | J392: 0.15951528 | K392: 0.18290735 | L392: 0.19154124 | M392: =A392&"-"&B392&"-"&C392&"-"&D392&"-"&E392 -> Indicateurs agro-environnementaux--Agriculture biologique en grandes cultures-%-TEND | N392: =MATCH(M392,'[1]Données Agriculture'!$M:$M,FALSE) -> 1952
A393: Indicateurs agro-environnementaux | C393: Consommation totale d'énergie | D393: TWh | E393: TEND | F393: 90.393124 | G393: 88.823842 | H393: 84.536485 | I393: 78.679847 | J393: 72.823209 | K393: 68.535852 | L393: 66.96657 | M393: =A393&"-"&B393&"-"&C393&"-"&D393&"-"&E393 -> Indicateurs agro-environnementaux--Consommation totale d'énergie -TWh-TEND | N393: =MATCH(M393,'[1]Données Agriculture'!$M:$M,FALSE) -> 1957
A394: Indicateurs agro-environnementaux | C394: ED : BioGNV | D394: TWh | E394: TEND | F394: 0 | G394: 0.19305692 | H394: 0.72049822 | I394: 1.4409964 | J394: 2.1614947 | K394: 2.688936 | L394: 2.8819929 | M394: =A394&"-"&B394&"-"&C394&"-"&D394&"-"&E394 -> Indicateurs agro-environnementaux--ED : BioGNV-TWh-TEND | N394: =MATCH(M394,'[1]Données Agriculture'!$M:$M,FALSE) -> #N/A
A395: Indicateurs agro-environnementaux | C395: ED : Biomasse | D395: TWh | E395: TEND | F395: 4.2359473 | G395: 4.0151397 | H395: 3.411882 | I395: 2.5878167 | J395: 1.7637513 | K395: 1.1604936 | L395: 0.93968597 | M395: =A395&"-"&B395&"-"&C395&"-"&D395&"-"&E395 -> Indicateurs agro-environnementaux--ED : Biomasse-TWh-TEND | N395: =MATCH(M395,'[1]Données Agriculture'!$M:$M,FALSE) -> 1962
A396: Indicateurs agro-environnementaux | C396: ED : Carburant | D396: TWh | E396: TEND | F396: 33.683918 | G396: 32.585865 | H396: 29.585928 | I396: 25.487938 | J396: 21.389947 | K396: 18.39001 | L396: 17.291957 | M396: =A396&"-"&B396&"-"&C396&"-"&D396&"-"&E396 -> Indicateurs agro-environnementaux--ED : Carburant -TWh-TEND | N396: =MATCH(M396,'[1]Données Agriculture'!$M:$M,FALSE) -> 1967
A397: Indicateurs agro-environnementaux | C397: ED : Electricité | D397: TWh | E397: TEND | F397: 8.1049663 | G397: 8.5461117 | H397: 9.7513434 | I397: 11.39772 | J397: 13.044097 | K397: 14.249329 | L397: 14.690474 | M397: =A397&"-"&B397&"-"&C397&"-"&D397&"-"&E397 -> Indicateurs agro-environnementaux--ED : Electricité -TWh-TEND | N397: =MATCH(M397,'[1]Données Agriculture'!$M:$M,FALSE) -> 1972
A398: Indicateurs agro-environnementaux | C398: ED : Gaz | D398: TWh | E398: TEND | F398: 1.7803257 | G398: 1.9170704 | H398: 2.290664 | I398: 2.8010023 | J398: 3.3113406 | K398: 3.6849341 | L398: 3.8216789 | M398: =A398&"-"&B398&"-"&C398&"-"&D398&"-"&E398 -> Indicateurs agro-environnementaux--ED : Gaz-TWh-TEND | N398: =MATCH(M398,'[1]Données Agriculture'!$M:$M,FALSE) -> 1977
A399: Indicateurs agro-environnementaux | C399: EI : autres intrants | D399: TWh | E399: TEND | F399: 10.7552 | G399: 10.776618 | H399: 10.835134 | I399: 10.915069 | J399: 10.995003 | K399: 11.053519 | L399: 11.074938 | M399: =A399&"-"&B399&"-"&C399&"-"&D399&"-"&E399 -> Indicateurs agro-environnementaux--EI : autres intrants-TWh-TEND | N399: =MATCH(M399,'[1]Données Agriculture'!$M:$M,FALSE) -> 1982
A400: Indicateurs agro-environnementaux | C400: EI : Azote | D400: TWh | E400: TEND | F400: 25.054916 | G400: 24.215561 | H400: 21.922398 | I400: 18.789879 | J400: 15.65736 | K400: 13.364197 | L400: 12.524841 | M400: =A400&"-"&B400&"-"&C400&"-"&D400&"-"&E400 -> Indicateurs agro-environnementaux--EI : Azote -TWh-TEND | N400: =MATCH(M400,'[1]Données Agriculture'!$M:$M,FALSE) -> 1987
A401: Indicateurs agro-environnementaux | C401: EI : Matériel | D401: TWh | E401: TEND | F401: 6.7778508 | G401: 6.7674774 | H401: 6.7391369 | I401: 6.700423 | J401: 6.661709 | K401: 6.6333685 | L401: 6.6229951 | M401: =A401&"-"&B401&"-"&C401&"-"&D401&"-"&E401 -> Indicateurs agro-environnementaux--EI : Matériel-TWh-TEND | N401: =MATCH(M401,'[1]Données Agriculture'!$M:$M,FALSE) -> 1992
A402: Indicateurs agro-environnementaux | C402: Energie directe | D402: TWh | E402: TEND | F402: 47.805157 | G402: 47.064186 | H402: 45.039817 | I402: 42.274477 | J402: 39.509137 | K402: 37.484767 | L402: 36.743797 | M402: =A402&"-"&B402&"-"&C402&"-"&D402&"-"&E402 -> Indicateurs agro-environnementaux--Energie directe -TWh-TEND | N402: =MATCH(M402,'[1]Données Agriculture'!$M:$M,FALSE) -> 1997
A403: Indicateurs agro-environnementaux | C403: Energie indirecte | D403: TWh | E403: TEND | F403: 42.587967 | G403: 41.759656 | H403: 39.496668 | I403: 36.40537 | J403: 33.314072 | K403: 31.051085 | L403: 30.222774 | M403: =A403&"-"&B403&"-"&C403&"-"&D403&"-"&E403 -> Indicateurs agro-environnementaux--Energie indirecte -TWh-TEND | N403: =MATCH(M403,'[1]Données Agriculture'!$M:$M,FALSE) -> 2002
... A421: Indicateurs agro-environnementaux | C421: Surfaces de vignes et vergers avec enherbement | D421: kha | E421: TEND | F421: 0 | G421: 53.167465 | H421: 197.15938 | I421: 390.86461 | J421: 581.1157 | K421: 718.19933 | L421: 767.91265 | M421: =A421&"-"&B421&"-"&C421&"-"&D421&"-"&E421 -> Indicateurs agro-environnementaux--Surfaces de vignes et vergers avec enherbement-kha-TEND | N421: =MATCH(M421,'[1]Données Agriculture'!$M:$M,FALSE) -> 2092
A422: Production agricole | B422: Productions | C422: Aquaculture | D422: kt | E422: TEND | F422: 35 | G422: 37.315976 | H422: 43.643341 | I422: 52.286683 | J422: 60.930024 | K422: 67.257389 | L422: 69.573365 | M422: =A422&"-"&B422&"-"&C422&"-"&D422&"-"&E422 -> Production agricole-Productions-Aquaculture-kt-TEND | N422: =MATCH(M422,'[1]Données Agriculture'!$M:$M,FALSE) -> 2102
A423: Production agricole | B423: Productions | C423: Autres protéines alternatives | D423: kt | E423: TEND | F423: 0.054 | G423: 7.2409174 | H423: 26.875941 | I423: 53.697882 | J423: 80.519823 | K423: 100.15485 | L423: 107.34176 | M423: =A423&"-"&B423&"-"&C423&"-"&D423&"-"&E423 -> Production agricole-Productions-Autres protéines alternatives-kt-TEND | N423: =MATCH(M423,'[1]Données Agriculture'!$M:$M,FALSE) -> 2107
A424: Production agricole | B424: Productions | C424: Betteraves à Sucre | D424: kt | E424: TEND | F424: 33929.814 | G424: 34816.954 | H424: 37095.845 | I424: 39866.214 | J424: 42240.921 | K424: 43728.487 | L424: 44219.965 | M424: =A424&"-"&B424&"-"&C424&"-"&D424&"-"&E424 -> Production agricole-Productions-Betteraves à Sucre-kt-TEND | N424: =MATCH(M424,'[1]Données Agriculture'!$M:$M,FALSE) -> 2112
A425: Production agricole | B425: Productions | C425: Blé | D425: kt | E425: TEND | F425: 35847.635 | G425: 35407.656 | H425: 34218.545 | I425: 32624.794 | J425: 31066.382 | K425: 29947.949 | L425: 29543.309 | M425: =A425&"-"&B425&"-"&C425&"-"&D425&"-"&E425 -> Production agricole-Productions-Blé-kt-TEND | N425: =MATCH(M425,'[1]Données Agriculture'!$M:$M,FALSE) -> 2117
A426: Production agricole | B426: Productions | C426: Boissons Alcooliques | D426: kt | E426: TEND | F426: 8601.9815 | G426: 8479.4844 | H426: 8118.5036 | I426: 7631.9597 | J426: 7159.9428 | K426: 6822.9833 | L426: 6697.3182 | M426: =A426&"-"&B426&"-"&C426&"-"&D426&"-"&E426 -> Production agricole-Productions-Boissons Alcooliques-kt-TEND | N426: =MATCH(M426,'[1]Données Agriculture'!$M:$M,FALSE) -> 2122
A427: Production agricole | B427: Productions | C427: Cèrèales - Excl Bière | D427: kt | E427: TEND | F427: 63586.111 | G427: 62621.027 | H427: 60000.092 | I427: 56457.025 | J427: 52956.912 | K427: 50421.881 | L427: 49499.75 | M427: =A427&"-"&B427&"-"&C427&"-"&D427&"-"&E427 -> Production agricole-Productions-Cèrèales - Excl Bière-kt-TEND | N427: =MATCH(M427,'[1]Données Agriculture'!$M:$M,FALSE) -> 2127
A428: Production agricole | B428: Productions | C428: Fruits | D428: kt | E428: TEND | F428: 2354.0466 | G428: 2347.3364 | H428: 2329.0579 | I428: 2304.217 | J428: 2279.5239 | K428: 2261.5411 | L428: 2254.9787 | M428: =A428&"-"&B428&"-"&C428&"-"&D428&"-"&E428 -> Production agricole-Productions-Fruits-kt-TEND | N428: =MATCH(M428,'[1]Données Agriculture'!$M:$M,FALSE) -> 2132
A429: Production agricole | B429: Productions | C429: Graines Colza/Moutarde | D429: kt | E429: TEND | F429: 3934.0092 | G429: 3863.8746 | H429: 3674.9989 | I429: 3423.4626 | J429: 3179.4005 | K429: 3005.4729 | L429: 2942.8123 | M429: =A429&"-"&B429&"-"&C429&"-"&D429&"-"&E429 -> Production agricole-Productions-Graines Colza/Moutarde-kt-TEND | N429: =MATCH(M429,'[1]Données Agriculture'!$M:$M,FALSE) -> 2137
A430: Production agricole | B430: Productions | C430: Graines de Tournesol | D430: kt | E430: TEND | F430: 1576.7278 | G430: 1554.6921 | H430: 1494.8089 | I430: 1413.7625 | J430: 1333.5886 | K430: 1275.4503 | L430: 1254.2872 | M430: =A430&"-"&B430&"-"&C430&"-"&D430&"-"&E430 -> Production agricole-Productions-Graines de Tournesol-kt-TEND | N430: =MATCH(M430,'[1]Données Agriculture'!$M:$M,FALSE) -> 2142
A431: Production agricole | B431: Productions | C431: Huiles | D431: kt | E431: TEND | F431: 2587.8744 | G431: 2555.6974 | H431: 2463.7834 | I431: 2330.4703 | J431: 2189.6656 | K431: 2082.7323 | L431: 2042.9425 | M431: =A431&"-"&B431&"-"&C431&"-"&D431&"-"&E431 -> Production agricole-Productions-Huiles-kt-TEND | N431: =MATCH(M431,'[1]Données Agriculture'!$M:$M,FALSE) -> 2147
A432: Production agricole | B432: Productions | C432: Insectes | D432: kt | E432: TEND | F432: 0.135 | G432: 45.066799 | H432: 167.82276 | I432: 335.51051 | J432: 503.19827 | K432: 625.95422 | L432: 670.88602 | M432: =A432&"-"&B432&"-"&C432&"-"&D432&"-"&E432 -> Production agricole-Productions-Insectes-kt-TEND | N432: =MATCH(M432,'[1]Données Agriculture'!$M:$M,FALSE) -> 2152
A433: Production agricole | B433: Productions | C433: Lait - Excl Beurre | D433: kt | E433: TEND | F433: 25218.152 | G433: 25430.19 | H433: 24524.783 | I433: 22824.317 | J433: 20915.286 | K433: 19523.83 | L433: 19299.232 | M433: =A433&"-"&B433&"-"&C433&"-"&D433&"-"&E433 -> Production agricole-Productions-Lait - Excl Beurre-kt-TEND | N433: =MATCH(M433,'[1]Données Agriculture'!$M:$M,FALSE) -> 2157
... A680: Bilan alimentation animale | B680: Surfaces allouées à l'alimentation animale | C680: Surfaces de prairies permanentes allouées aux productions animales | D680: kha | E680: S1 | F680: 10355.723 | G680: 9998.6437 | H680: 8981.8842 | I680: 7455.2888 | J680: 5666.8101 | K680: 4070.9313 | L680: 3392.9027 | M680: =A680&"-"&B680&"-"&C680&"-"&D680&"-"&E680 -> Bilan alimentation animale-Surfaces allouées à l'alimentation animale-Surfaces de prairies permanentes allouées aux productions animales-kha-S1 | N680: =MATCH(M680,'[1]Données Agriculture'!$M:$M,FALSE) -> 393
A681: Bilan azote | C681: Bilan d'azote total | D681: ktN | E681: S1 | F681: 5889.9078 | G681: 5840.2154 | H681: 5704.453 | I681: 5518.9981 | J681: 5333.5433 | K681: 5197.7809 | L681: 5148.0884 | M681: =A681&"-"&B681&"-"&C681&"-"&D681&"-"&E681 -> Bilan azote--Bilan d'azote total-ktN-S1 | N681: =MATCH(M681,'[1]Données Agriculture'!$M:$M,FALSE) -> 398
A682: Bilan azote | C682: Engrais minéraux | D682: ktN | E682: S1 | F682: 1742.05 | G682: 1650.9595 | H682: 1402.0955 | I682: 1062.141 | J682: 722.1865 | K682: 473.32253 | L682: 382.232 | M682: =A682&"-"&B682&"-"&C682&"-"&D682&"-"&E682 -> Bilan azote--Engrais minéraux-ktN-S1 | N682: =MATCH(M682,'[1]Données Agriculture'!$M:$M,FALSE) -> 403
A683: Bilan azote | C683: Exportations par les cultures | D683: ktN | E683: S1 | F683: -2959.319 | G683: -2984.4274 | H683: -3053.0248 | I683: -3146.7305 | J683: -3240.4362 | K683: -3309.0336 | L683: -3334.142 | M683: =A683&"-"&B683&"-"&C683&"-"&D683&"-"&E683 -> Bilan azote--Exportations par les cultures-ktN-S1 | N683: =MATCH(M683,'[1]Données Agriculture'!$M:$M,FALSE) -> 408
A684: Bilan azote | C684: Exportations par les fourrages et pâture | D684: ktN | E684: S1 | F684: -1228.122 | G684: -1222.0434 | H684: -1205.4362 | I684: -1182.7505 | J684: -1160.0648 | K684: -1143.4576 | L684: -1137.379 | M684: =A684&"-"&B684&"-"&C684&"-"&D684&"-"&E684 -> Bilan azote--Exportations par les fourrages et pâture-ktN-S1 | N684: =MATCH(M684,'[1]Données Agriculture'!$M:$M,FALSE) -> 413
A685: Bilan azote | C685: Fixation symbiotique | D685: ktN | E685: S1 | F685: 430.835 | G685: 452.00279 | H685: 509.83425 | I685: 588.8335 | J685: 667.83275 | K685: 725.66421 | L685: 746.832 | M685: =A685&"-"&B685&"-"&C685&"-"&D685&"-"&E685 -> Bilan azote--Fixation symbiotique-ktN-S1 | N685: =MATCH(M685,'[1]Données Agriculture'!$M:$M,FALSE) -> 418
A686: Bilan azote | C686: Recyclage (engrais verts) | D686: ktN | E686: S1 | F686: 200.21188 | G686: 251.23449 | H686: 390.63084 | I686: 581.04979 | J686: 771.46875 | K686: 910.86509 | L686: 961.8877 | M686: =A686&"-"&B686&"-"&C686&"-"&D686&"-"&E686 -> Bilan azote--Recyclage (engrais verts)-ktN-S1 | N686: =MATCH(M686,'[1]Données Agriculture'!$M:$M,FALSE) -> 423
A687: Bilan azote | C687: Recyclage (épandage digestat) | D687: ktN | E687: S1 | F687: 109.184 | G687: 170.28981 | H687: 337.234 | I687: 565.284 | J687: 793.334 | K687: 960.27819 | L687: 1021.384 | M687: =A687&"-"&B687&"-"&C687&"-"&D687&"-"&E687 -> Bilan azote--Recyclage (épandage digestat)-ktN-S1 | N687: =MATCH(M687,'[1]Données Agriculture'!$M:$M,FALSE) -> 428
A688: Bilan azote | C688: Recyclage (épandage fumier, lisier) | D688: ktN | E688: S1 | F688: 864.365 | G688: 819.79848 | H688: 698.0405 | I688: 531.716 | J688: 365.3915 | K688: 243.63352 | L688: 199.067 | M688: =A688&"-"&B688&"-"&C688&"-"&D688&"-"&E688 -> Bilan azote--Recyclage (épandage fumier, lisier)-ktN-S1 | N688: =MATCH(M688,'[1]Données Agriculture'!$M:$M,FALSE) -> 433
A689: Bilan azote | C689: Recyclage (redéposition atmosph., pâture, végétaux laissés au champ) | D689: ktN | E689: S1 | F689: 2543.2619 | G689: 2495.9303 | H689: 2366.6179 | I689: 2189.9738 | J689: 2013.3298 | K689: 1884.0174 | L689: 1836.6857 | M689: =A689&"-"&B689&"-"&C689&"-"&D689&"-"&E689 -> Bilan azote--Recyclage (redéposition atmosph., pâture, végétaux laissés au champ)-ktN-S1 | N689: =MATCH(M689,'[1]Données Agriculture'!$M:$M,FALSE) -> 438
...

Sheet COMPARAISONS_2050
E1: VERSION 2025 | U1: VERSION 2021 | AB1: Comparaison RUN 3 bis AMS | AD1: Comparaison RUN 3 bis AMS | AH1: COMPARAISON v2025/v2021
U2: MISSIONS_BIORESSOURCES/2000_CHCO_Extractions_Trajectoires_ADEME/2023_06_26_Trajectoire2050_pas_5_ans.xlsx' | V2: MISSIONS_BIORESSOURCES/2000_CHCO_Extractions_Trajectoires_ADEME/2023_06_26_Trajectoire2050_pas_5_ans.xlsx' | AH2: MISSIONS_BIORESSOURCES/2000_CHCO_Extractions_Trajectoires_ADEME/2023_06_26_Trajectoire2050_pas_5_ans.xlsx' | AI2: MISSIONS_BIORESSOURCES/2000_CHCO_Extractions_Trajectoires_ADEME/2023_06_26_Trajectoire2050_pas_5_ans.xlsx'
U3: FORMULES A RECOPIER
S4: =C4&"-"&D4 -> - | T4: =MATCH($S4,[2]S0!$R:$R,FALSE) -> 185 | U4: {=IFERROR(INDIRECT(ADDRESS($T4,U$7,,,U$10)),"-")} -> - | V4: {=IFERROR(INDIRECT(ADDRESS($T4,V$7,,,V$10)),"-")} -> - | W4: {=IFERROR(INDIRECT(ADDRESS($T4,W$7,,,W$10)),"-")} -> - | X4: {=IFERROR(INDIRECT(ADDRESS($T4,X$7,,,X$10)),"-")} -> - | Y4: {=IFERROR(INDIRECT(ADDRESS($T4,Y$7,,,Y$10)),"-")} -> - | Z4: {=IFERROR(INDIRECT(ADDRESS($T4,Z$7,,,Z$10)),"-")} -> - | AB4: =IFERROR(MATCH(S4,[3]AMS_RUN3_2050!$I:$I,FALSE),"non") -> 316 | AC4: 66999.161 | AD4: =IFERROR(MATCH($S4,[4]AMS_RUN3_2030!$I:$I,FALSE),"non") -> 316 | AE4: {=IFERROR(INDIRECT(ADDRESS($AD4,8,,,AE$10)),"non")} -> non
U5: [2023_06_26_Trajectoire2050_pas_5_ans.xlsx] | AC5: [AMS_RUN3_bis_2050_V2.xlsx] | AE5: [AMS_RUN_3_2030_V4.xlsx] | AH5: [2023_06_26_Trajectoire2050_pas_5_ans.xlsx]
U7: =COLUMN([5]S0!$I$6) -> 9 | V7: =COLUMN([5]S1!$O$6) -> 15 | W7: =COLUMN([5]S1!$O$6) -> 15 | X7: =COLUMN([5]S1!$O$6) -> 15 | Y7: =COLUMN([5]S1!$O$6) -> 15 | Z7: =COLUMN([5]S1!$O$6) -> 15
E8: S0 - Contrefactuel_2025_v1 | F8: S0 - Contrefactuel_2025_v1 | G8: S1 - Génération frugale_2025_v1 | H8: S2 - Coopérations territoriales_2025_v1 | I8: S3 - Technologies vertes_2025_v1 | J8: S4 - Pari réparateur_2025_v1 | U8: 2020 | V8: 2050 | W8: 2050 | X8: 2050 | Y8: 2050 | Z8: 2050
A9: Catégorie | B9: Sous-catégorie | C9: Variable | D9: Unité | E9: 2020 | F9: TEND | G9: S1 | H9: S2 | I9: S3 | J9: S4 | L9: Cat&SsCat&Var | M9: Index | N9: Catégorie | O9: Sous-catégorie | P9: Variable | Q9: Unité | U9: S0 | V9: S0 | W9: S1 | X9: S2 | Y9: S3 | Z9: S4 | AC9: AMS_RUN3_2050 | AE9: AMS_RUN3_2030 | AH9: 2020 | AI9: S0 | AJ9: S1 | AK9: S2 | AL9: S3 | AM9: S4
E10: 2 | F10: 2 | G10: 601 | H10: 1200 | I10: 1799 | J10: 2398 | U10: =$U$5&U9 -> [2023_06_26_Trajectoire2050_pas_5_ans.xlsx]S0 | V10: =$U$5&V9 -> [2023_06_26_Trajectoire2050_pas_5_ans.xlsx]S0 | W10: =$U$5&W9 -> [2023_06_26_Trajectoire2050_pas_5_ans.xlsx]S1 | X10: =$U$5&X9 -> [2023_06_26_Trajectoire2050_pas_5_ans.xlsx]S2 | Y10: =$U$5&Y9 -> [2023_06_26_Trajectoire2050_pas_5_ans.xlsx]S3 | Z10: =$U$5&Z9 -> [2023_06_26_Trajectoire2050_pas_5_ans.xlsx]S4 | AC10: =$AC$5&AC9 -> [AMS_RUN3_bis_2050_V2.xlsx]AMS_RUN3_2050 | AE10: =$AE$5&AE9 -> [AMS_RUN_3_2030_V4.xlsx]AMS_RUN3_2030 | AH10: =$V$5&AH9 -> 2020 | AI10: =$V$5&AI9 -> S0 | AJ10: =$V$5&AJ9 -> S1 | AK10: =$V$5&AK9 -> S2 | AL10: =$V$5&AL9 -> S3 | AM10: =$V$5&AM9 -> S4
A11: - | B11: - | C11: Alimentation humaine
A12: - | B12: - | C12: Code scénario
A13: Alimentation Humaine | B13: Population | C13: Population | D13: Milliers de personnes | E13: =SUMIFS(ADEME!$F:$F,ADEME!$A:$A,$A13,ADEME!$B:$B,$B13,ADEME!$C:$C,$C13,ADEME!$D:$D,$D13,ADEME!$E:$E,F$9) -> 65123 | F13: =SUMIFS(ADEME!$L:$L,ADEME!$A:$A,$A13,ADEME!$B:$B,$B13,ADEME!$C:$C,$C13,ADEME!$D:$D,$D13,ADEME!$E:$E,F$9) -> 66733 | G13: =SUMIFS(ADEME!$L:$L,ADEME!$A:$A,$A13,ADEME!$B:$B,$B13,ADEME!$C:$C,$C13,ADEME!$D:$D,$D13,ADEME!$E:$E,G$9) -> 66733 | H13: =SUMIFS(ADEME!$L:$L,ADEME!$A:$A,$A13,ADEME!$B:$B,$B13,ADEME!$C:$C,$C13,ADEME!$D:$D,$D13,ADEME!$E:$E,H$9) -> 66733 | I13: =SUMIFS(ADEME!$L:$L,ADEME!$A:$A,$A13,ADEME!$B:$B,$B13,ADEME!$C:$C,$C13,ADEME!$D:$D,$D13,ADEME!$E:$E,I$9) -> 66733 | J13: =SUMIFS(ADEME!$L:$L,ADEME!$A:$A,$A13,ADEME!$B:$B,$B13,ADEME!$C:$C,$C13,ADEME!$D:$D,$D13,ADEME!$E:$E,J$9) -> 66733 | L13: =A13&"-"&B13&"-"&C13 -> Alimentation Humaine-Population-Population | M13: =MATCH(L13,[6]RESULTATS_4!$W:$W,FALSE) -> 50 | N13: {=IFERROR(INDEX([6]RESULTATS_4!G:G,$M13),"-")} -> Alimentation Humaine | O13: {=IFERROR(INDEX([6]RESULTATS_4!H:H,$M13),"-")} -> Population | P13: {=IFERROR(INDEX([6]RESULTATS_4!I:I,$M13),"-")} -> Population | Q13: {=IFERROR(INDEX([6]RESULTATS_4!J:J,$M13),"-")} -> Milliers de personnes | S13: =C13&"-"&D13 -> Population-Milliers de personnes | T13: =MATCH(S13,[2]S0!$R:$R,FALSE) -> 11 | U13: 65577 | V13: 69683 | W13: 69683 | X13: 69683 | Y13: 69683 | Z13: 69683 | AB13: 11 | AC13: 66999.161 | AD13: 11 | AE13: 66452.453 | AH13: =IF(AND(E13=0,U13=0),"ok 0",(E13/U13-1)*100) -> -0.6923159 | AI13: =IF(AND(F13=0,V13=0),"ok 0",(F13/V13-1)*100) -> -4.2334572 | AJ13: =IF(AND(G13=0,W13=0),"ok 0",(G13/W13-1)*100) -> -4.2334572 | AK13: =IF(AND(H13=0,X13=0),"ok 0",(H13/X13-1)*100) -> -4.2334572 | AL13: =IF(AND(I13=0,Y13=0),"ok 0",(I13/Y13-1)*100) -> -4.2334572 | AM13: =IF(AND(J13=0,Z13=0),"ok 0",(J13/Z13-1)*100) -> -4.2334572
A14: Alimentation Humaine | B14: Population | C14: Taille moyenne 20-59 ans, cm | D14: cm | E14: =SUMIFS(ADEME!$F:$F,ADEME!$A:$A,$A14,ADEME!$B:$B,$B14,ADEME!$C:$C,$C14,ADEME!$D:$D,$D14,ADEME!$E:$E,F$9) -> 171.40969 | F14: =SUMIFS(ADEME!$L:$L,ADEME!$A:$A,$A14,ADEME!$B:$B,$B14,ADEME!$C:$C,$C14,ADEME!$D:$D,$D14,ADEME!$E:$E,F$9) -> 175.34856 | G14: =SUMIFS(ADEME!$L:$L,ADEME!$A:$A,$A14,ADEME!$B:$B,$B14,ADEME!$C:$C,$C14,ADEME!$D:$D,$D14,ADEME!$E:$E,G$9) -> 175.34856 | H14: =SUMIFS(ADEME!$L:$L,ADEME!$A:$A,$A14,ADEME!$B:$B,$B14,ADEME!$C:$C,$C14,ADEME!$D:$D,$D14,ADEME!$E:$E,H$9) -> 175.34856 | I14: =SUMIFS(ADEME!$L:$L,ADEME!$A:$A,$A14,ADEME!$B:$B,$B14,ADEME!$C:$C,$C14,ADEME!$D:$D,$D14,ADEME!$E:$E,I$9) -> 175.34856 | J14: =SUMIFS(ADEME!$L:$L,ADEME!$A:$A,$A14,ADEME!$B:$B,$B14,ADEME!$C:$C,$C14,ADEME!$D:$D,$D14,ADEME!$E:$E,J$9) -> 175.34856 | L14: =A14&"-"&B14&"-"&C14 -> Alimentation Humaine-Population-Taille moyenne 20-59 ans, cm | M14: =MATCH(L14,[6]RESULTATS_4!$W:$W,FALSE) -> 51 | N14: {=IFERROR(INDEX([6]RESULTATS_4!G:G,$M14),"-")} -> Alimentation Humaine | O14: {=IFERROR(INDEX([6]RESULTATS_4!H:H,$M14),"-")} -> Population | P14: {=IFERROR(INDEX([6]RESULTATS_4!I:I,$M14),"-")} -> Taille moyenne 20-59 ans, cm | Q14: {=IFERROR(INDEX([6]RESULTATS_4!$J:$J,M14),"-")} -> cm | S14: =C14&"-"&D14 -> Taille moyenne 20-59 ans, cm-cm | U14: - | V14: - | W14: - | X14: - | Y14: - | Z14: - | AB14: non | AC14: non | AD14: non | AE14: non
A15: Alimentation Humaine | B15: Nutrition | C15: Indice de Masse Corporelle 20-59 ans | D15: sans unité | E15: =SUMIFS(ADEME!$F:$F,ADEME!$A:$A,$A15,ADEME!$B:$B,$B15,ADEME!$C:$C,$C15,ADEME!$D:$D,$D15,ADEME!$E:$E,F$9) -> 25.287686 | F15: =SUMIFS(ADEME!$L:$L,ADEME!$A:$A,$A15,ADEME!$B:$B,$B15,ADEME!$C:$C,$C15,ADEME!$D:$D,$D15,ADEME!$E:$E,F$9) -> 26.85863 | G15: =SUMIFS(ADEME!$L:$L,ADEME!$A:$A,$A15,ADEME!$B:$B,$B15,ADEME!$C:$C,$C15,ADEME!$D:$D,$D15,ADEME!$E:$E,G$9) -> 24.421924 | H15: =SUMIFS(ADEME!$L:$L,ADEME!$A:$A,$A15,ADEME!$B:$B,$B15,ADEME!$C:$C,$C15,ADEME!$D:$D,$D15,ADEME!$E:$E,H$9) -> 24.421924 | I15: =SUMIFS(ADEME!$L:$L,ADEME!$A:$A,$A15,ADEME!$B:$B,$B15,ADEME!$C:$C,$C15,ADEME!$D:$D,$D15,ADEME!$E:$E,I$9) -> 24.421924 | J15: =SUMIFS(ADEME!$L:$L,ADEME!$A:$A,$A15,ADEME!$B:$B,$B15,ADEME!$C:$C,$C15,ADEME!$D:$D,$D15,ADEME!$E:$E,J$9) -> 26.85863 | L15: =A15&"-"&B15&"-"&C15 -> Alimentation Humaine-Nutrition-Indice de Masse Corporelle 20-59 ans | M15: =MATCH(L15,[6]RESULTATS_4!$W:$W,FALSE) -> 44 | N15: {=IFERROR(INDEX([6]RESULTATS_4!G:G,$M15),"-")} -> Alimentation Humaine | O15: {=IFERROR(INDEX([6]RESULTATS_4!H:H,$M15),"-")} -> Nutrition | P15: {=IFERROR(INDEX([6]RESULTATS_4!I:I,$M15),"-")} -> Indice de Masse Corporelle 20-59 ans | Q15: {=IFERROR(INDEX([6]RESULTATS_4!$J:$J,M15),"-")} -> sans unité | S15: =C15&"-"&D15 -> Indice de Masse Corporelle 20-59 ans-sans unité | T15: =MATCH(S15,[2]S0!$R:$R,FALSE) -> #N/A | U15: 25.517746 | V15: 26.85863 | W15: 24.421924 | X15: 24.421924 | Y15: 24.421924 | Z15: 26.85863 | AB15: 15 | AC15: 24.421924 | AD15: 15 | AE15: 24.421924 | AH15: =IF(AND(E15=0,U15=0),"ok 0",(E15/U15-1)*100) -> -0.9015663 | AI15: =IF(AND(F15=0,V15=0),"ok 0",(F15/V15-1)*100) -> 0 | AJ15: =IF(AND(G15=0,W15=0),"ok 0",(G15/W15-1)*100) -> 0 | AK15: =IF(AND(H15=0,X15=0),"ok 0",(H15/X15-1)*100) -> 0 | AL15: =IF(AND(I15=0,Y15=0),"ok 0",(I15/Y15-1)*100) -> 0 | AM15: =IF(AND(J15=0,Z15=0),"ok 0",(J15/Z15-1)*100) -> 0
A16: Alimentation Humaine | B16: Population | C16: Masse moyenne 20-59 ans | D16: kg | E16: =SUMIFS(ADEME!$F:$F,ADEME!$A:$A,$A16,ADEME!$B:$B,$B16,ADEME!$C:$C,$C16,ADEME!$D:$D,$D16,ADEME!$E:$E,F$9) -> 74.298466 | F16: =SUMIFS(ADEME!$L:$L,ADEME!$A:$A,$A16,ADEME!$B:$B,$B16,ADEME!$C:$C,$C16,ADEME!$D:$D,$D16,ADEME!$E:$E,F$9) -> 82.58255 | G16: =SUMIFS(ADEME!$L:$L,ADEME!$A:$A,$A16,ADEME!$B:$B,$B16,ADEME!$C:$C,$C16,ADEME!$D:$D,$D16,ADEME!$E:$E,G$9) -> 75.09038 | H16: =SUMIFS(ADEME!$L:$L,ADEME!$A:$A,$A16,ADEME!$B:$B,$B16,ADEME!$C:$C,$C16,ADEME!$D:$D,$D16,ADEME!$E:$E,H$9) -> 75.09038 | I16: =SUMIFS(ADEME!$L:$L,ADEME!$A:$A,$A16,ADEME!$B:$B,$B16,ADEME!$C:$C,$C16,ADEME!$D:$D,$D16,ADEME!$E:$E,I$9) -> 75.09038 | J16: =SUMIFS(ADEME!$L:$L,ADEME!$A:$A,$A16,ADEME!$B:$B,$B16,ADEME!$C:$C,$C16,ADEME!$D:$D,$D16,ADEME!$E:$E,J$9) -> 82.58255 | L16: =A16&"-"&B16&"-"&C16 -> Alimentation Humaine-Population-Masse moyenne 20-59 ans | M16: =MATCH(L16,[6]RESULTATS_4!$W:$W,FALSE) -> 49 | N16: {=IFERROR(INDEX([6]RESULTATS_4!G:G,$M16),"-")} -> Alimentation Humaine | O16: {=IFERROR(INDEX([6]RESULTATS_4!H:H,$M16),"-")} -> Population | P16: {=IFERROR(INDEX([6]RESULTATS_4!I:I,$M16),"-")} -> Masse moyenne 20-59 ans | Q16: {=IFERROR(INDEX([6]RESULTATS_4!$J:$J,M16),"-")} -> kg | S16: =C16&"-"&D16 -> Masse moyenne 20-59 ans-kg | U16: - | V16: - | W16: - | X16: - | Y16: - | Z16: - | AB16: non | AC16: non | AD16: non | AE16: non
A17: Alimentation Humaine | B17: Nutrition | C17: Besoins en protéines (ANC) | D17: g/personne.jour | E17: =SUMIFS(ADEME!$F:$F,ADEME!$A:$A,$A17,ADEME!$B:$B,$B17,ADEME!$C:$C,$C17,ADEME!$D:$D,$D17,ADEME!$E:$E,F$9) -> 58.756503 | F17: =SUMIFS(ADEME!$L:$L,ADEME!$A:$A,$A17,ADEME!$B:$B,$B17,ADEME!$C:$C,$C17,ADEME!$D:$D,$D17,ADEME!$E:$E,F$9) -> 64.888123 | G17: =SUMIFS(ADEME!$L:$L,ADEME!$A:$A,$A17,ADEME!$B:$B,$B17,ADEME!$C:$C,$C17,ADEME!$D:$D,$D17,ADEME!$E:$E,G$9) -> 58.984442 | H17: =SUMIFS(ADEME!$L:$L,ADEME!$A:$A,$A17,ADEME!$B:$B,$B17,ADEME!$C:$C,$C17,ADEME!$D:$D,$D17,ADEME!$E:$E,H$9) -> 58.984442 | I17: =SUMIFS(ADEME!$L:$L,ADEME!$A:$A,$A17,ADEME!$B:$B,$B17,ADEME!$C:$C,$C17,ADEME!$D:$D,$D17,ADEME!$E:$E,I$9) -> 58.984442 | J17: =SUMIFS(ADEME!$L:$L,ADEME!$A:$A,$A17,ADEME!$B:$B,$B17,ADEME!$C:$C,$C17,ADEME!$D:$D,$D17,ADEME!$E:$E,J$9) -> 64.888123 | L17: =A17&"-"&B17&"-"&C17 -> Alimentation Humaine-Nutrition-Besoins en protéines (ANC) | M17: =MATCH(L17,[6]RESULTATS_4!$W:$W,FALSE) -> 40 | N17: {=IFERROR(INDEX([6]RESULTATS_4!G:G,$M17),"-")} -> Alimentation Humaine | O17: {=IFERROR(INDEX([6]RESULTATS_4!H:H,$M17),"-")} -> Nutrition | P17: {=IFERROR(INDEX([6]RESULTATS_4!I:I,$M17),"-")} -> Besoins en protéines (ANC) | Q17: {=IFERROR(INDEX([6]RESULTATS_4!$J:$J,M17),"-")} -> g/personne.jour | S17: =C17&"-"&D17 -> Besoins en protéines (ANC)-g/personne.jour | T17: =MATCH(S17,[2]S0!$R:$R,FALSE) -> 16 | U17: 59.251802 | V17: 65.108126 | W17: 59.186544 | X17: 59.186544 | Y17: 59.186544 | Z17: 65.108126 | AB17: 16 | AC17: 59.186544 | AD17: 16 | AE17: 59.186544 | AH17: =IF(AND(E17=0,U17=0),"ok 0",(E17/U17-1)*100) -> -0.83592208 | AI17: =IF(AND(F17=0,V17=0),"ok 0",(F17/V17-1)*100) -> -0.33790475 | AJ17: =IF(AND(G17=0,W17=0),"ok 0",(G17/W17-1)*100) -> -0.34146556 | AK17: =IF(AND(H17=0,X17=0),"ok 0",(H17/X17-1)*100) -> -0.34146556 | AL17: =IF(AND(I17=0,Y17=0),"ok 0",(I17/Y17-1)*100) -> -0.34146556 | AM17: =IF(AND(J17=0,Z17=0),"ok 0",(J17/Z17-1)*100) -> -0.33790475
A18: Alimentation Humaine | B18: Nutrition | C18: Surconsommation d'énergie | D18: % | E18: =SUMIFS(ADEME!$F:$F,ADEME!$A:$A,$A18,ADEME!$B:$B,$B18,ADEME!$C:$C,$C18,ADEME!$D:$D,$D18,ADEME!$E:$E,F$9) -> 0.25512211 | F18: =SUMIFS(ADEME!$L:$L,ADEME!$A:$A,$A18,ADEME!$B:$B,$B18,ADEME!$C:$C,$C18,ADEME!$D:$D,$D18,ADEME!$E:$E,F$9) -> 0.22127857 | G18: =SUMIFS(ADEME!$L:$L,ADEME!$A:$A,$A18,ADEME!$B:$B,$B18,ADEME!$C:$C,$C18,ADEME!$D:$D,$D18,ADEME!$E:$E,G$9) -> 0.092941979 | H18: =SUMIFS(ADEME!$L:$L,ADEME!$A:$A,$A18,ADEME!$B:$B,$B18,ADEME!$C:$C,$C18,ADEME!$D:$D,$D18,ADEME!$E:$E,H$9) -> 0.076074655 | I18: =SUMIFS(ADEME!$L:$L,ADEME!$A:$A,$A18,ADEME!$B:$B,$B18,ADEME!$C:$C,$C18,ADEME!$D:$D,$D18,ADEME!$E:$E,I$9) -> 0.056170411 | J18: =SUMIFS(ADEME!$L:$L,ADEME!$A:$A,$A18,ADEME!$B:$B,$B18,ADEME!$C:$C,$C18,ADEME!$D:$D,$D18,ADEME!$E:$E,J$9) -> 0.12561455 | L18: =A18&"-"&B18&"-"&C18 -> Alimentation Humaine-Nutrition-Surconsommation d'énergie | M18: =MATCH(L18,[6]RESULTATS_4!$W:$W,FALSE) -> 47 | N18: {=IFERROR(INDEX([6]RESULTATS_4!G:G,$M18),"-")} -> Alimentation Humaine | O18: {=IFERROR(INDEX([6]RESULTATS_4!H:H,$M18),"-")} -> Nutrition | P18: {=IFERROR(INDEX([6]RESULTATS_4!I:I,$M18),"-")} -> Surconsommation d'énergie | Q18: {=IFERROR(INDEX([6]RESULTATS_4!$J:$J,M18),"-")} -> % | S18: =C18&"-"&D18 -> Surconsommation d'énergie-% | T18: =MATCH(S18,[2]S0!$R:$R,FALSE) -> 20 | U18: 0.28451583 | V18: 0.24681406 | W18: 0.11466877 | X18: 0.1126875 | Y18: 0.10847081 | Z18: 0.1647367 | AB18: 20 | AC18: 0.45335322 | AD18: 20 | AE18: 0.43319627 | AH18: =IF(AND(E18=0,U18=0),"ok 0",(E18/U18-1)*100) -> -10.331135 | AI18: =IF(AND(F18=0,V18=0),"ok 0",(F18/V18-1)*100) -> -10.346044 | AJ18: =IF(AND(G18=0,W18=0),"ok 0",(G18/W18-1)*100) -> -18.947433 | AK18: =IF(AND(H18=0,X18=0),"ok 0",(H18/X18-1)*100) -> -32.490599 | AL18: =IF(AND(I18=0,Y18=0),"ok 0",(I18/Y18-1)*100) -> -48.216104 | AM18: =IF(AND(J18=0,Z18=0),"ok 0",(J18/Z18-1)*100) -> -23.748287 | AN18: révision calcul lait
A19: Alimentation Humaine | B19: Nutrition | C19: Surconsommation de protéines | D19: % | E19: =SUMIFS(ADEME!$F:$F,ADEME!$A:$A,$A19,ADEME!$B:$B,$B19,ADEME!$C:$C,$C19,ADEME!$D:$D,$D19,ADEME!$E:$E,F$9) -> 1.0240319 | F19: =SUMIFS(ADEME!$L:$L,ADEME!$A:$A,$A19,ADEME!$B:$B,$B19,ADEME!$C:$C,$C19,ADEME!$D:$D,$D19,ADEME!$E:$E,F$9) -> 0.88798942 | G19: =SUMIFS(ADEME!$L:$L,ADEME!$A:$A,$A19,ADEME!$B:$B,$B19,ADEME!$C:$C,$C19,ADEME!$D:$D,$D19,ADEME!$E:$E,G$9) -> 0.38801624 | H19: =SUMIFS(ADEME!$L:$L,ADEME!$A:$A,$A19,ADEME!$B:$B,$B19,ADEME!$C:$C,$C19,ADEME!$D:$D,$D19,ADEME!$E:$E,H$9) -> 0.51265725 | I19: =SUMIFS(ADEME!$L:$L,ADEME!$A:$A,$A19,ADEME!$B:$B,$B19,ADEME!$C:$C,$C19,ADEME!$D:$D,$D19,ADEME!$E:$E,I$9) -> 0.59481166 | J19: =SUMIFS(ADEME!$L:$L,ADEME!$A:$A,$A19,ADEME!$B:$B,$B19,ADEME!$C:$C,$C19,ADEME!$D:$D,$D19,ADEME!$E:$E,J$9) -> 0.86604119 | L19: =A19&"-"&B19&"-"&C19 -> Alimentation Humaine-Nutrition-Surconsommation de protéines | M19: =MATCH(L19,[6]RESULTATS_4!$W:$W,FALSE) -> 48 | N19: {=IFERROR(INDEX([6]RESULTATS_4!G:G,$M19),"-")} -> Alimentation Humaine | O19: {=IFERROR(INDEX([6]RESULTATS_4!H:H,$M19),"-")} -> Nutrition | P19: {=IFERROR(INDEX([6]RESULTATS_4!I:I,$M19),"-")} -> Surconsommation de protéines | Q19: {=IFERROR(INDEX([6]RESULTATS_4!$J:$J,M19),"-")} -> % | S19: =C19&"-"&D19 -> Surconsommation de protéines-% | T19: =MATCH(S19,[2]S0!$R:$R,FALSE) -> 18 | U19: 1.0576373 | V19: 0.88266326 | W19: 0.41853637 | X19: 0.55055347 | Y19: 0.63903531 | Z19: 0.90647447 | AB19: 18 | AC19: 1.2974271 | AD19: 18 | AE19: 1.2631966 | AH19: =IF(AND(E19=0,U19=0),"ok 0",(E19/U19-1)*100) -> -3.1774096 | AI19: =IF(AND(F19=0,V19=0),"ok 0",(F19/V19-1)*100) -> 0.60341841 | AJ19: =IF(AND(G19=0,W19=0),"ok 0",(G19/W19-1)*100) -> -7.2921087 | AK19: =IF(AND(H19=0,X19=0),"ok 0",(H19/X19-1)*100) -> -6.8832956 | AL19: =IF(AND(I19=0,Y19=0),"ok 0",(I19/Y19-1)*100) -> -6.9203758 | AM19: =IF(AND(J19=0,Z19=0),"ok 0",(J19/Z19-1)*100) -> -4.4604985
A20: Alimentation Humaine | B20: Gaspillage | C20: Pertes et gaspillages | D20: % | E20: =SUMIFS(ADEME!$F:$F,ADEME!$A:$A,$A20,ADEME!$B:$B,$B20,ADEME!$C:$C,$C20,ADEME!$D:$D,$D20,ADEME!$E:$E,F$9) -> 0.10803948 | F20: =SUMIFS(ADEME!$L:$L,ADEME!$A:$A,$A20,ADEME!$B:$B,$B20,ADEME!$C:$C,$C20,ADEME!$D:$D,$D20,ADEME!$E:$E,F$9) -> 0.091889483 | G20: =SUMIFS(ADEME!$L:$L,ADEME!$A:$A,$A20,ADEME!$B:$B,$B20,ADEME!$C:$C,$C20,ADEME!$D:$D,$D20,ADEME!$E:$E,G$9) -> 0.057980283 | H20: =SUMIFS(ADEME!$L:$L,ADEME!$A:$A,$A20,ADEME!$B:$B,$B20,ADEME!$C:$C,$C20,ADEME!$D:$D,$D20,ADEME!$E:$E,H$9) -> 0.057551361 | I20: =SUMIFS(ADEME!$L:$L,ADEME!$A:$A,$A20,ADEME!$B:$B,$B20,ADEME!$C:$C,$C20,ADEME!$D:$D,$D20,ADEME!$E:$E,I$9) -> 0.05632113 | J20: =SUMIFS(ADEME!$L:$L,ADEME!$A:$A,$A20,ADEME!$B:$B,$B20,ADEME!$C:$C,$C20,ADEME!$D:$D,$D20,ADEME!$E:$E,J$9) -> 0.056957088 | L20: =A20&"-"&B20&"-"&C20 -> Alimentation Humaine-Gaspillage-Pertes et gaspillages | M20: =MATCH(L20,[6]RESULTATS_4!$W:$W,FALSE) -> 38 | N20: {=IFERROR(INDEX([6]RESULTATS_4!G:G,$M20),"-")} -> Alimentation Humaine | O20: {=IFERROR(INDEX([6]RESULTATS_4!H:H,$M20),"-")} -> Gaspillage | P20: {=IFERROR(INDEX([6]RESULTATS_4!I:I,$M20),"-")} -> Pertes et gaspillages | Q20: {=IFERROR(INDEX([6]RESULTATS_4!$J:$J,M20),"-")} -> % | S20: =C20&"-"&D20 -> Pertes et gaspillages-% | T20: =MATCH(S20,[2]S0!$R:$R,FALSE) -> 22 | U20: 0.11053087 | V20: 0.092194431 | W20: 0.058416753 | X20: 0.057695743 | Y20: 0.056635121 | Z20: 0.057561516 | AB20: 22 | AC20: 0.048224566 | AD20: 22 | AE20: 0.091390388 | AH20: =IF(AND(E20=0,U20=0),"ok 0",(E20/U20-1)*100) -> -2.2540268 | AI20: =IF(AND(F20=0,V20=0),"ok 0",(F20/V20-1)*100) -> -0.33076669 | AJ20: =IF(AND(G20=0,W20=0),"ok 0",(G20/W20-1)*100) -> -0.74716565 | AK20: =IF(AND(H20=0,X20=0),"ok 0",(H20/X20-1)*100) -> -0.25024657 | AL20: =IF(AND(I20=0,Y20=0),"ok 0",(I20/Y20-1)*100) -> -0.55440953 | AM20: =IF(AND(J20=0,Z20=0),"ok 0",(J20/Z20-1)*100) -> -1.0500557
A21: Alimentation Humaine | B21: Nutrition | C21: Proportion de protéines végétales | D21: % | E21: =SUMIFS(ADEME!$F:$F,ADEME!$A:$A,$A21,ADEME!$B:$B,$B21,ADEME!$C:$C,$C21,ADEME!$D:$D,$D21,ADEME!$E:$E,F$9) -> 0.37340483 | F21: =SUMIFS(ADEME!$L:$L,ADEME!$A:$A,$A21,ADEME!$B:$B,$B21,ADEME!$C:$C,$C21,ADEME!$D:$D,$D21,ADEME!$E:$E,F$9) -> 0.37902803 | G21: =SUMIFS(ADEME!$L:$L,ADEME!$A:$A,$A21,ADEME!$B:$B,$B21,ADEME!$C:$C,$C21,ADEME!$D:$D,$D21,ADEME!$E:$E,G$9) -> 0.51335641 | H21: =SUMIFS(ADEME!$L:$L,ADEME!$A:$A,$A21,ADEME!$B:$B,$B21,ADEME!$C:$C,$C21,ADEME!$D:$D,$D21,ADEME!$E:$E,H$9) -> 0.43839688 | I21: =SUMIFS(ADEME!$L:$L,ADEME!$A:$A,$A21,ADEME!$B:$B,$B21,ADEME!$C:$C,$C21,ADEME!$D:$D,$D21,ADEME!$E:$E,I$9) -> 0.38780418 | J21: =SUMIFS(ADEME!$L:$L,ADEME!$A:$A,$A21,ADEME!$B:$B,$B21,ADEME!$C:$C,$C21,ADEME!$D:$D,$D21,ADEME!$E:$E,J$9) -> 0.33197594 | L21: =A21&"-"&B21&"-"&C21 -> Alimentation Humaine-Nutrition-Proportion de protéines végétales | M21: =MATCH(L21,[6]RESULTATS_4!$W:$W,FALSE) -> 45 | N21: {=IFERROR(INDEX([6]RESULTATS_4!G:G,$M21),"-")} -> Alimentation Humaine | O21: {=IFERROR(INDEX([6]RESULTATS_4!H:H,$M21),"-")} -> Nutrition | P21: {=IFERROR(INDEX([6]RESULTATS_4!I:I,$M21),"-")} -> Proportion de protéines végétales | Q21: {=IFERROR(INDEX([6]RESULTATS_4!$J:$J,M21),"-")} -> % | S21: =C21&"-"&D21 -> Proportion de protéines végétales-% | T21: =MATCH(S21,[2]S0!$R:$R,FALSE) -> 19 | U21: 0.35746421 | V21: 0.36786756 | W21: 0.50640987 | X21: 0.43298238 | Y21: 0.3833252 | Z21: 0.33642692 | AB21: 19 | AC21: 0.40197771 | AD21: 19 | AE21: 0.37493322 | AH21: =IF(AND(E21=0,U21=0),"ok 0",(E21/U21-1)*100) -> 4.4593601 | AI21: =IF(AND(F21=0,V21=0),"ok 0",(F21/V21-1)*100) -> 3.0338272 | AJ21: =IF(AND(G21=0,W21=0),"ok 0",(G21/W21-1)*100) -> 1.3717245 | AK21: =IF(AND(H21=0,X21=0),"ok 0",(H21/X21-1)*100) -> 1.2505117 | AL21: =IF(AND(I21=0,Y21=0),"ok 0",(I21/Y21-1)*100) -> 1.1684555 | AM21: =IF(AND(J21=0,Z21=0),"ok 0",(J21/Z21-1)*100) -> -1.3230151
A22: Alimentation Humaine | B22: Nutrition | C22: Apports en calcium du lait | D22: mg/jour | E22: =SUMIFS(ADEME!$F:$F,ADEME!$A:$A,$A22,ADEME!$B:$B,$B22,ADEME!$C:$C,$C22,ADEME!$D:$D,$D22,ADEME!$E:$E,F$9) -> 899.14386 | F22: =SUMIFS(ADEME!$L:$L,ADEME!$A:$A,$A22,ADEME!$B:$B,$B22,ADEME!$C:$C,$C22,ADEME!$D:$D,$D22,ADEME!$E:$E,F$9) -> 856.25572 | G22: =SUMIFS(ADEME!$L:$L,ADEME!$A:$A,$A22,ADEME!$B:$B,$B22,ADEME!$C:$C,$C22,ADEME!$D:$D,$D22,ADEME!$E:$E,G$9) -> 635.15602 | H22: =SUMIFS(ADEME!$L:$L,ADEME!$A:$A,$A22,ADEME!$B:$B,$B22,ADEME!$C:$C,$C22,ADEME!$D:$D,$D22,ADEME!$E:$E,H$9) -> 685.67183 | I22: =SUMIFS(ADEME!$L:$L,ADEME!$A:$A,$A22,ADEME!$B:$B,$B22,ADEME!$C:$C,$C22,ADEME!$D:$D,$D22,ADEME!$E:$E,I$9) -> 692.89195 | J22: =SUMIFS(ADEME!$L:$L,ADEME!$A:$A,$A22,ADEME!$B:$B,$B22,ADEME!$C:$C,$C22,ADEME!$D:$D,$D22,ADEME!$E:$E,J$9) -> 811.63516 | L22: =A22&"-"&B22&"-"&C22 -> Alimentation Humaine-Nutrition-Apports en calcium du lait | M22: =MATCH(L22,[6]RESULTATS_4!$W:$W,FALSE) -> 39 | N22: {=IFERROR(INDEX([6]RESULTATS_4!G:G,$M22),"-")} -> Alimentation Humaine | O22: {=IFERROR(INDEX([6]RESULTATS_4!H:H,$M22),"-")} -> Nutrition | P22: {=IFERROR(INDEX([6]RESULTATS_4!I:I,$M22),"-")} -> Apports en calcium du lait | Q22: {=IFERROR(INDEX([6]RESULTATS_4!$J:$J,M22),"-")} -> mg/jour | S22: =C22&"-"&D22 -> Apports en calcium du lait-mg/jour | T22: =MATCH(S22,[2]S0!$R:$R,FALSE) -> 21 | U22: 990.10614 | V22: 990.47913 | W22: 723.8382 | X22: 786.52783 | Y22: 797.5208 | Z22: 930.23112 | AB22: 21 | AC22: 1064.7866 | AD22: 21 | AE22: 1027.979 | AH22: =IF(AND(E22=0,U22=0),"ok 0",(E22/U22-1)*100) -> -9.187124 | AI22: =IF(AND(F22=0,V22=0),"ok 0",(F22/V22-1)*100) -> -13.551361 | AJ22: =IF(AND(G22=0,W22=0),"ok 0",(G22/W22-1)*100) -> -12.251657 | AK22: =IF(AND(H22=0,X22=0),"ok 0",(H22/X22-1)*100) -> -12.822941 | AL22: =IF(AND(I22=0,Y22=0),"ok 0",(I22/Y22-1)*100) -> -13.119263 | AM22: =IF(AND(J22=0,Z22=0),"ok 0",(J22/Z22-1)*100) -> -12.749086 | AN22: révision calcul lait
A23: Alimentation Humaine | B23: Nutrition | C23: Disponibilité en protéines | D23: g/personne.jour | E23: =SUMIFS(ADEME!$F:$F,ADEME!$A:$A,$A23,ADEME!$B:$B,$B23,ADEME!$C:$C,$C23,ADEME!$D:$D,$D23,ADEME!$E:$E,F$9) -> 118.92503 | F23: =SUMIFS(ADEME!$L:$L,ADEME!$A:$A,$A23,ADEME!$B:$B,$B23,ADEME!$C:$C,$C23,ADEME!$D:$D,$D23,ADEME!$E:$E,F$9) -> 122.50809 | G23: =SUMIFS(ADEME!$L:$L,ADEME!$A:$A,$A23,ADEME!$B:$B,$B23,ADEME!$C:$C,$C23,ADEME!$D:$D,$D23,ADEME!$E:$E,G$9) -> 81.871364 | H23: =SUMIFS(ADEME!$L:$L,ADEME!$A:$A,$A23,ADEME!$B:$B,$B23,ADEME!$C:$C,$C23,ADEME!$D:$D,$D23,ADEME!$E:$E,H$9) -> 89.223244 | I23: =SUMIFS(ADEME!$L:$L,ADEME!$A:$A,$A23,ADEME!$B:$B,$B23,ADEME!$C:$C,$C23,ADEME!$D:$D,$D23,ADEME!$E:$E,I$9) -> 94.069076 | J23: =SUMIFS(ADEME!$L:$L,ADEME!$A:$A,$A23,ADEME!$B:$B,$B23,ADEME!$C:$C,$C23,ADEME!$D:$D,$D23,ADEME!$E:$E,J$9) -> 121.08391 | L23: =A23&"-"&B23&"-"&C23 -> Alimentation Humaine-Nutrition-Disponibilité en protéines | M23: =MATCH(L23,[6]RESULTATS_4!$W:$W,FALSE) -> 43 | N23: {=IFERROR(INDEX([6]RESULTATS_4!G:G,$M23),"-")} -> Alimentation Humaine | O23: {=IFERROR(INDEX([6]RESULTATS_4!H:H,$M23),"-")} -> Nutrition | P23: {=IFERROR(INDEX([6]RESULTATS_4!I:I,$M23),"-")} -> Disponibilité en protéines | Q23: {=IFERROR(INDEX([6]RESULTATS_4!$J:$J,M23),"-")} -> g/personne.jour | S23: =C23&"-"&D23 -> Disponibilité en protéines-g/personne.jour | T23: =MATCH(S23,[2]S0!$R:$R,FALSE) -> 17 | U23: 121.91872 | V23: 122.57668 | W23: 83.958265 | X23: 91.771901 | Y23: 97.008835 | Z23: 124.12698 | AB23: non | AC23: non | AD23: non | AE23: non | AH23: =IF(AND(E23=0,U23=0),"ok 0",(E23/U23-1)*100) -> -2.4554764 | AI23: =IF(AND(F23=0,V23=0),"ok 0",(F23/V23-1)*100) -> -0.055955487 | AJ23: =IF(AND(G23=0,W23=0),"ok 0",(G23/W23-1)*100) -> -2.4856412 | AK23: =IF(AND(H23=0,X23=0),"ok 0",(H23/X23-1)*100) -> -2.7771649 | AL23: =IF(AND(I23=0,Y23=0),"ok 0",(I23/Y23-1)*100) -> -3.0304031 | AM23: =IF(AND(J23=0,Z23=0),"ok 0",(J23/Z23-1)*100) -> -2.4515787
A24: Alimentation Humaine | B24: Nutrition | C24: Protéines animales, g/jour | D24: g/personne.jour | E24: =SUMIFS(ADEME!$F:$F,ADEME!$A:$A,$A24,ADEME!$B:$B,$B24,ADEME!$C:$C,$C24,ADEME!$D:$D,$D24,ADEME!$E:$E,F$9) -> 74.517852 | F24: =SUMIFS(ADEME!$L:$L,ADEME!$A:$A,$A24,ADEME!$B:$B,$B24,ADEME!$C:$C,$C24,ADEME!$D:$D,$D24,ADEME!$E:$E,F$9) -> 76.07409 | G24: =SUMIFS(ADEME!$L:$L,ADEME!$A:$A,$A24,ADEME!$B:$B,$B24,ADEME!$C:$C,$C24,ADEME!$D:$D,$D24,ADEME!$E:$E,G$9) -> 39.842174 | H24: =SUMIFS(ADEME!$L:$L,ADEME!$A:$A,$A24,ADEME!$B:$B,$B24,ADEME!$C:$C,$C24,ADEME!$D:$D,$D24,ADEME!$E:$E,H$9) -> 50.108052 | I24: =SUMIFS(ADEME!$L:$L,ADEME!$A:$A,$A24,ADEME!$B:$B,$B24,ADEME!$C:$C,$C24,ADEME!$D:$D,$D24,ADEME!$E:$E,I$9) -> 57.588695 | J24: =SUMIFS(ADEME!$L:$L,ADEME!$A:$A,$A24,ADEME!$B:$B,$B24,ADEME!$C:$C,$C24,ADEME!$D:$D,$D24,ADEME!$E:$E,J$9) -> 80.886965 | L24: =A24&"-"&B24&"-"&C24 -> Alimentation Humaine-Nutrition-Protéines animales, g/jour | M24: =MATCH(L24,[6]RESULTATS_4!$W:$W,FALSE) -> 46 | N24: {=IFERROR(INDEX([6]RESULTATS_4!G:G,$M24),"-")} -> Alimentation Humaine | O24: {=IFERROR(INDEX([6]RESULTATS_4!H:H,$M24),"-")} -> Nutrition | P24: {=IFERROR(INDEX([6]RESULTATS_4!I:I,$M24),"-")} -> Protéines animales, g/jour | Q24: {=IFERROR(INDEX([6]RESULTATS_4!$J:$J,M24),"-")} -> g/personne.jour | S24: =C24&"-"&D24 -> Protéines animales, g/jour-g/personne.jour | U24: - | V24: - | W24: - | X24: - | Y24: - | Z24: - | AB24: non | AC24: non | AD24: non | AE24: non
A25: Alimentation Humaine | B25: Nutrition | C25: Besoins en protéines (kt) | D25: kt | E25: =SUMIFS(ADEME!$F:$F,ADEME!$A:$A,$A25,ADEME!$B:$B,$B25,ADEME!$C:$C,$C25,ADEME!$D:$D,$D25,ADEME!$E:$E,F$9) -> 1168.8273 | F25: =SUMIFS(ADEME!$L:$L,ADEME!$A:$A,$A25,ADEME!$B:$B,$B25,ADEME!$C:$C,$C25,ADEME!$D:$D,$D25,ADEME!$E:$E,F$9) -> 1335.4633 | G25: =SUMIFS(ADEME!$L:$L,ADEME!$A:$A,$A25,ADEME!$B:$B,$B25,ADEME!$C:$C,$C25,ADEME!$D:$D,$D25,ADEME!$E:$E,G$9) -> 1221.6121 | H25: =SUMIFS(ADEME!$L:$L,ADEME!$A:$A,$A25,ADEME!$B:$B,$B25,ADEME!$C:$C,$C25,ADEME!$D:$D,$D25,ADEME!$E:$E,H$9) -> 1221.6121 | I25: =SUMIFS(ADEME!$L:$L,ADEME!$A:$A,$A25,ADEME!$B:$B,$B25,ADEME!$C:$C,$C25,ADEME!$D:$D,$D25,ADEME!$E:$E,I$9) -> 1221.6121 | J25: =SUMIFS(ADEME!$L:$L,ADEME!$A:$A,$A25,ADEME!$B:$B,$B25,ADEME!$C:$C,$C25,ADEME!$D:$D,$D25,ADEME!$E:$E,J$9) -> 1335.4633 | L25: =A25&"-"&B25&"-"&C25 -> Alimentation Humaine-Nutrition-Besoins en protéines (kt) | M25: =MATCH(L25,[6]RESULTATS_4!$W:$W,FALSE) -> 41 | N25: {=IFERROR(INDEX([6]RESULTATS_4!G:G,$M25),"-")} -> Alimentation Humaine | O25: {=IFERROR(INDEX([6]RESULTATS_4!H:H,$M25),"-")} -> Nutrition | P25: {=IFERROR(INDEX([6]RESULTATS_4!I:I,$M25),"-")} -> Besoins en protéines (kt) | Q25: {=IFERROR(INDEX([6]RESULTATS_4!$J:$J,M25),"-")} -> kt | S25: =C25&"-"&D25 -> Besoins en protéines (kt)-kt | T25: =MATCH(S25,[2]S0!$R:$R,FALSE) -> #N/A | U25: 1189.1486 | V25: 1392.23 | W25: 1272.1149 | X25: 1272.1149 | Y25: 1272.1149 | Z25: 1392.23 | AB25: non | AC25: non | AD25: non | AE25: non | AH25: =IF(AND(E25=0,U25=0),"ok 0",(E25/U25-1)*100) -> -1.7088928 | AI25: =IF(AND(F25=0,V25=0),"ok 0",(F25/V25-1)*100) -> -4.0773885 | AJ25: =IF(AND(G25=0,W25=0),"ok 0",(G25/W25-1)*100) -> -3.9699887 | AK25: =IF(AND(H25=0,X25=0),"ok 0",(H25/X25-1)*100) -> -3.9699887 | AL25: =IF(AND(I25=0,Y25=0),"ok 0",(I25/Y25-1)*100) -> -3.9699887 | AM25: =IF(AND(J25=0,Z25=0),"ok 0",(J25/Z25-1)*100) -> -4.0773885 | AN25: revision population
A26: Alimentation Humaine | B26: Nutrition | C26: Disponibilité alimentaire en protéines (kt) | D26: kt | E26: =SUMIFS(ADEME!$F:$F,ADEME!$A:$A,$A26,ADEME!$B:$B,$B26,ADEME!$C:$C,$C26,ADEME!$D:$D,$D26,ADEME!$E:$E,F$9) -> 2365.7437 | F26: =SUMIFS(ADEME!$L:$L,ADEME!$A:$A,$A26,ADEME!$B:$B,$B26,ADEME!$C:$C,$C26,ADEME!$D:$D,$D26,ADEME!$E:$E,F$9) -> 2521.3406 | G26: =SUMIFS(ADEME!$L:$L,ADEME!$A:$A,$A26,ADEME!$B:$B,$B26,ADEME!$C:$C,$C26,ADEME!$D:$D,$D26,ADEME!$E:$E,G$9) -> 1695.6174 | H26: =SUMIFS(ADEME!$L:$L,ADEME!$A:$A,$A26,ADEME!$B:$B,$B26,ADEME!$C:$C,$C26,ADEME!$D:$D,$D26,ADEME!$E:$E,H$9) -> 1847.8804 | I26: =SUMIFS(ADEME!$L:$L,ADEME!$A:$A,$A26,ADEME!$B:$B,$B26,ADEME!$C:$C,$C26,ADEME!$D:$D,$D26,ADEME!$E:$E,I$9) -> 1948.2412 | J26: =SUMIFS(ADEME!$L:$L,ADEME!$A:$A,$A26,ADEME!$B:$B,$B26,ADEME!$C:$C,$C26,ADEME!$D:$D,$D26,ADEME!$E:$E,J$9) -> 2492.0296 | L26: =A26&"-"&B26&"-"&C26 -> Alimentation Humaine-Nutrition-Disponibilité alimentaire en protéines (kt) | M26: =MATCH(L26,[6]RESULTATS_4!$W:$W,FALSE) -> 42 | N26: {=IFERROR(INDEX([6]RESULTATS_4!G:G,$M26),"-")} -> Alimentation Humaine | O26: {=IFERROR(INDEX([6]RESULTATS_4!H:H,$M26),"-")} -> Nutrition | P26: {=IFERROR(INDEX([6]RESULTATS_4!I:I,$M26),"-")} -> Disponibilité alimentaire en protéines (kt) | Q26: {=IFERROR(INDEX([6]RESULTATS_4!$J:$J,M26),"-")} -> kt | S26: =C26&"-"&D26 -> Disponibilité alimentaire en protéines (kt)-kt | T26: =MATCH(S26,[2]S0!$R:$R,FALSE) -> #N/A | U26: 1849.8124 | V26: 1984.7493 | W26: 1337.1072 | X26: 1464.5649 | Y26: 1570.025 | Z26: 2056.6074 | AB26: non | AC26: non | AD26: non | AE26: non | AH26: =IF(AND(E26=0,U26=0),"ok 0",(E26/U26-1)*100) -> 27.891004 | AI26: =IF(AND(F26=0,V26=0),"ok 0",(F26/V26-1)*100) -> 27.035721 | AJ26: =IF(AND(G26=0,W26=0),"ok 0",(G26/W26-1)*100) -> 26.81238 | AK26: =IF(AND(H26=0,X26=0),"ok 0",(H26/X26-1)*100) -> 26.172652 | AL26: =IF(AND(I26=0,Y26=0),"ok 0",(I26/Y26-1)*100) -> 24.089819 | AM26: =IF(AND(J26=0,Z26=0),"ok 0",(J26/Z26-1)*100) -> 21.171866 | AN26: Modification de l'indicateur
A27: Alimentation Humaine | B27: Assiette | C27: Céréales | D27: g éq. primaire/jour | E27: =SUMIFS(ADEME!$F:$F,ADEME!$A:$A,$A27,ADEME!$B:$B,$B27,ADEME!$C:$C,$C27,ADEME!$D:$D,$D27,ADEME!$E:$E,F$9) -> 309.29655 | F27: =SUMIFS(ADEME!$L:$L,ADEME!$A:$A,$A27,ADEME!$B:$B,$B27,ADEME!$C:$C,$C27,ADEME!$D:$D,$D27,ADEME!$E:$E,F$9) -> 307.27292 | G27: =SUMIFS(ADEME!$L:$L,ADEME!$A:$A,$A27,ADEME!$B:$B,$B27,ADEME!$C:$C,$C27,ADEME!$D:$D,$D27,ADEME!$E:$E,G$9) -> 268.42465 | H27: =SUMIFS(ADEME!$L:$L,ADEME!$A:$A,$A27,ADEME!$B:$B,$B27,ADEME!$C:$C,$C27,ADEME!$D:$D,$D27,ADEME!$E:$E,H$9) -> 253.16498 | I27: =SUMIFS(ADEME!$L:$L,ADEME!$A:$A,$A27,ADEME!$B:$B,$B27,ADEME!$C:$C,$C27,ADEME!$D:$D,$D27,ADEME!$E:$E,I$9) -> 238.41124 | J27: =SUMIFS(ADEME!$L:$L,ADEME!$A:$A,$A27,ADEME!$B:$B,$B27,ADEME!$C:$C,$C27,ADEME!$D:$D,$D27,ADEME!$E:$E,J$9) -> 275.2401 | L27: =A27&"-"&B27&"-"&C27 -> Alimentation Humaine-Assiette-Céréales | M27: =MATCH(L27,[6]RESULTATS_4!$W:$W,FALSE) -> 25 | N27: {=IFERROR(INDEX([6]RESULTATS_4!G:G,$M27),"-")} -> Alimentation Humaine | O27: {=IFERROR(INDEX([6]RESULTATS_4!H:H,$M27),"-")} -> Assiette | P27: {=IFERROR(INDEX([6]RESULTATS_4!I:I,$M27),"-")} -> Céréales | Q27: {=IFERROR(INDEX([6]RESULTATS_4!$J:$J,M27),"-")} -> g éq. primaire/jour | S27: =C27&"-"&D27 -> Céréales-g éq. primaire/jour | T27: =MATCH(S27,[2]S0!$R:$R,FALSE) -> 23 | U27: 382.33161 | V27: 339.1275 | W27: 315.89867 | X27: 299.64665 | Y27: 284.44135 | Z27: 330.10731 | AB27: 23 | AC27: 397.4634 | AD27: 23 | AE27: 390.83901 | AH27: =IF(AND(E27=0,U27=0),"ok 0",(E27/U27-1)*100) -> -19.102542 | AI27: =IF(AND(F27=0,V27=0),"ok 0",(F27/V27-1)*100) -> -9.3930994 | AJ27: =IF(AND(G27=0,W27=0),"ok 0",(G27/W27-1)*100) -> -15.028243 | AK27: =IF(AND(H27=0,X27=0),"ok 0",(H27/X27-1)*100) -> -15.51216 | AL27: =IF(AND(I27=0,Y27=0),"ok 0",(I27/Y27-1)*100) -> -16.182636 | AM27: =IF(AND(J27=0,Z27=0),"ok 0",(J27/Z27-1)*100) -> -16.621025 | AN27: revision population+corrections mineures assiette
A28: Alimentation Humaine | B28: Assiette | C28: Pommes de terre | D28: g éq. primaire/jour | E28: =SUMIFS(ADEME!$F:$F,ADEME!$A:$A,$A28,ADEME!$B:$B,$B28,ADEME!$C:$C,$C28,ADEME!$D:$D,$D28,ADEME!$E:$E,F$9) -> 158.48198 | F28: =SUMIFS(ADEME!$L:$L,ADEME!$A:$A,$A28,ADEME!$B:$B,$B28,ADEME!$C:$C,$C28,ADEME!$D:$D,$D28,ADEME!$E:$E,F$9) -> 182.48443 | G28: =SUMIFS(ADEME!$L:$L,ADEME!$A:$A,$A28,ADEME!$B:$B,$B28,ADEME!$C:$C,$C28,ADEME!$D:$D,$D28,ADEME!$E:$E,G$9) -> 115.06869 | H28: =SUMIFS(ADEME!$L:$L,ADEME!$A:$A,$A28,ADEME!$B:$B,$B28,ADEME!$C:$C,$C28,ADEME!$D:$D,$D28,ADEME!$E:$E,H$9) -> 123.91393 | I28: =SUMIFS(ADEME!$L:$L,ADEME!$A:$A,$A28,ADEME!$B:$B,$B28,ADEME!$C:$C,$C28,ADEME!$D:$D,$D28,ADEME!$E:$E,I$9) -> 128.33655 | J28: =SUMIFS(ADEME!$L:$L,ADEME!$A:$A,$A28,ADEME!$B:$B,$B28,ADEME!$C:$C,$C28,ADEME!$D:$D,$D28,ADEME!$E:$E,J$9) -> 158.16498 | L28: =A28&"-"&B28&"-"&C28 -> Alimentation Humaine-Assiette-Pommes de terre | M28: =MATCH(L28,[6]RESULTATS_4!$W:$W,FALSE) -> 35 | N28: {=IFERROR(INDEX([6]RESULTATS_4!G:G,$M28),"-")} -> Alimentation Humaine | O28: {=IFERROR(INDEX([6]RESULTATS_4!H:H,$M28),"-")} -> Assiette | P28: {=IFERROR(INDEX([6]RESULTATS_4!I:I,$M28),"-")} -> Pommes de terre | Q28: {=IFERROR(INDEX([6]RESULTATS_4!$J:$J,M28),"-")} -> g éq. primaire/jour | S28: =C28&"-"&D28 -> Pommes de terre-g éq. primaire/jour | T28: =MATCH(S28,[2]S0!$R:$R,FALSE) -> 24 | U28: 145.2655 | V28: 165.44399 | W28: 105.84334 | X28: 113.96935 | Y28: 118.03236 | Z28: 143.41446 | AB28: 24 | AC28: 156.48244 | AD28: 24 | AE28: 150.23135 | AH28: =IF(AND(E28=0,U28=0),"ok 0",(E28/U28-1)*100) -> 9.0981577 | AI28: =IF(AND(F28=0,V28=0),"ok 0",(F28/V28-1)*100) -> 10.299822 | AJ28: =IF(AND(G28=0,W28=0),"ok 0",(G28/W28-1)*100) -> 8.7160359 | AK28: =IF(AND(H28=0,X28=0),"ok 0",(H28/X28-1)*100) -> 8.7256563 | AL28: =IF(AND(I28=0,Y28=0),"ok 0",(I28/Y28-1)*100) -> 8.7299697 | AM28: =IF(AND(J28=0,Z28=0),"ok 0",(J28/Z28-1)*100) -> 10.28524 | AN28: revision population+corrections mineures assiette
A29: Alimentation Humaine | B29: Assiette | C29: Sucres | D29: g éq. primaire/jour | E29: =SUMIFS(ADEME!$F:$F,ADEME!$A:$A,$A29,ADEME!$B:$B,$B29,ADEME!$C:$C,$C29,ADEME!$D:$D,$D29,ADEME!$E:$E,F$9) -> 90.871536 | F29: =SUMIFS(ADEME!$L:$L,ADEME!$A:$A,$A29,ADEME!$B:$B,$B29,ADEME!$C:$C,$C29,ADEME!$D:$D,$D29,ADEME!$E:$E,F$9) -> 78.180655 | G29: =SUMIFS(ADEME!$L:$L,ADEME!$A:$A,$A29,ADEME!$B:$B,$B29,ADEME!$C:$C,$C29,ADEME!$D:$D,$D29,ADEME!$E:$E,G$9) -> 81.653988 | H29: =SUMIFS(ADEME!$L:$L,ADEME!$A:$A,$A29,ADEME!$B:$B,$B29,ADEME!$C:$C,$C29,ADEME!$D:$D,$D29,ADEME!$E:$E,H$9) -> 83.203313 | I29: =SUMIFS(ADEME!$L:$L,ADEME!$A:$A,$A29,ADEME!$B:$B,$B29,ADEME!$C:$C,$C29,ADEME!$D:$D,$D29,ADEME!$E:$E,I$9) -> 84.446999 | J29: =SUMIFS(ADEME!$L:$L,ADEME!$A:$A,$A29,ADEME!$B:$B,$B29,ADEME!$C:$C,$C29,ADEME!$D:$D,$D29,ADEME!$E:$E,J$9) -> 91.541849 | L29: =A29&"-"&B29&"-"&C29 -> Alimentation Humaine-Assiette-Sucres | M29: =MATCH(L29,[6]RESULTATS_4!$W:$W,FALSE) -> 36 | N29: {=IFERROR(INDEX([6]RESULTATS_4!G:G,$M29),"-")} -> Alimentation Humaine | O29: {=IFERROR(INDEX([6]RESULTATS_4!H:H,$M29),"-")} -> Assiette | P29: {=IFERROR(INDEX([6]RESULTATS_4!I:I,$M29),"-")} -> Sucres | Q29: {=IFERROR(INDEX([6]RESULTATS_4!$J:$J,M29),"-")} -> g éq. primaire/jour | S29: =C29&"-"&D29 -> Sucres-g éq. primaire/jour | T29: =MATCH(S29,[2]S0!$R:$R,FALSE) -> 25 | U29: 115.99394 | V29: 97.744976 | W29: 95.480627 | X29: 110.7169 | Y29: 110.7169 | Z29: 118.95946 | AB29: 25 | AC29: 109.59931 | AD29: 25 | AE29: 109.59931 | AH29: =IF(AND(E29=0,U29=0),"ok 0",(E29/U29-1)*100) -> -21.658374 | AI29: =IF(AND(F29=0,V29=0),"ok 0",(F29/V29-1)*100) -> -20.015679 | AJ29: =IF(AND(G29=0,W29=0),"ok 0",(G29/W29-1)*100) -> -14.481093 | AK29: =IF(AND(H29=0,X29=0),"ok 0",(H29/X29-1)*100) -> -24.850393 | AL29: =IF(AND(I29=0,Y29=0),"ok 0",(I29/Y29-1)*100) -> -23.72709 | AM29: =IF(AND(J29=0,Z29=0),"ok 0",(J29/Z29-1)*100) -> -23.047861 | AN29: revision population+corrections mineures assiette
A30: Alimentation Humaine | B30: Assiette | C30: Légumineuses | D30: g éq. primaire/jour | E30: =SUMIFS(ADEME!$F:$F,ADEME!$A:$A,$A30,ADEME!$B:$B,$B30,ADEME!$C:$C,$C30,ADEME!$D:$D,$D30,ADEME!$E:$E,F$9) -> 7.0718332 | F30: =SUMIFS(ADEME!$L:$L,ADEME!$A:$A,$A30,ADEME!$B:$B,$B30,ADEME!$C:$C,$C30,ADEME!$D:$D,$D30,ADEME!$E:$E,F$9) -> 12.942792 | G30: =SUMIFS(ADEME!$L:$L,ADEME!$A:$A,$A30,ADEME!$B:$B,$B30,ADEME!$C:$C,$C30,ADEME!$D:$D,$D30,ADEME!$E:$E,G$9) -> 36.144255 | H30: =SUMIFS(ADEME!$L:$L,ADEME!$A:$A,$A30,ADEME!$B:$B,$B30,ADEME!$C:$C,$C30,ADEME!$D:$D,$D30,ADEME!$E:$E,H$9) -> 28.456051 | I30: =SUMIFS(ADEME!$L:$L,ADEME!$A:$A,$A30,ADEME!$B:$B,$B30,ADEME!$C:$C,$C30,ADEME!$D:$D,$D30,ADEME!$E:$E,I$9) -> 23.671142 | J30: =SUMIFS(ADEME!$L:$L,ADEME!$A:$A,$A30,ADEME!$B:$B,$B30,ADEME!$C:$C,$C30,ADEME!$D:$D,$D30,ADEME!$E:$E,J$9) -> 15.521163 | L30: =A30&"-"&B30&"-"&C30 -> Alimentation Humaine-Assiette-Légumineuses | M30: =MATCH(L30,[6]RESULTATS_4!$W:$W,FALSE) -> 31 | N30: {=IFERROR(INDEX([6]RESULTATS_4!G:G,$M30),"-")} -> Alimentation Humaine | O30: {=IFERROR(INDEX([6]RESULTATS_4!H:H,$M30),"-")} -> Assiette | P30: {=IFERROR(INDEX([6]RESULTATS_4!I:I,$M30),"-")} -> Légumineuses | Q30: {=IFERROR(INDEX([6]RESULTATS_4!$J:$J,M30),"-")} -> g éq. primaire/jour | S30: =C30&"-"&D30 -> Légumineuses-g éq. primaire/jour | T30: =MATCH(S30,[2]S0!$R:$R,FALSE) -> 26 | U30: 8.177047 | V30: 13.217718 | W30: 39.614303 | X30: 30.472541 | Y30: 24.378032 | Z30: 15.420671 | AB30: 26 | AC30: 32.231217 | AD30: 26 | AE30: 17.989516 | AH30: =IF(AND(E30=0,U30=0),"ok 0",(E30/U30-1)*100) -> -13.51605 | AI30: =IF(AND(F30=0,V30=0),"ok 0",(F30/V30-1)*100) -> -2.0799763 | AJ30: =IF(AND(G30=0,W30=0),"ok 0",(G30/W30-1)*100) -> -8.7595842 | AK30: =IF(AND(H30=0,X30=0),"ok 0",(H30/X30-1)*100) -> -6.6173989 | AL30: =IF(AND(I30=0,Y30=0),"ok 0",(I30/Y30-1)*100) -> -2.8997025 | AM30: =IF(AND(J30=0,Z30=0),"ok 0",(J30/Z30-1)*100) -> 0.65167123 | AN30: revision population+corrections mineures assiette
A31: Alimentation Humaine | B31: Assiette | C31: Fruits coque | D31: g éq. primaire/jour | E31: =SUMIFS(ADEME!$F:$F,ADEME!$A:$A,$A31,ADEME!$B:$B,$B31,ADEME!$C:$C,$C31,ADEME!$D:$D,$D31,ADEME!$E:$E,F$9) -> 25.368799 | F31: =SUMIFS(ADEME!$L:$L,ADEME!$A:$A,$A31,ADEME!$B:$B,$B31,ADEME!$C:$C,$C31,ADEME!$D:$D,$D31,ADEME!$E:$E,F$9) -> 42.130509 | G31: =SUMIFS(ADEME!$L:$L,ADEME!$A:$A,$A31,ADEME!$B:$B,$B31,ADEME!$C:$C,$C31,ADEME!$D:$D,$D31,ADEME!$E:$E,G$9) -> 24.626755 | H31: =SUMIFS(ADEME!$L:$L,ADEME!$A:$A,$A31,ADEME!$B:$B,$B31,ADEME!$C:$C,$C31,ADEME!$D:$D,$D31,ADEME!$E:$E,H$9) -> 21.890449 | I31: =SUMIFS(ADEME!$L:$L,ADEME!$A:$A,$A31,ADEME!$B:$B,$B31,ADEME!$C:$C,$C31,ADEME!$D:$D,$D31,ADEME!$E:$E,I$9) -> 19.154143 | J31: =SUMIFS(ADEME!$L:$L,ADEME!$A:$A,$A31,ADEME!$B:$B,$B31,ADEME!$C:$C,$C31,ADEME!$D:$D,$D31,ADEME!$E:$E,J$9) -> 18.055933 | L31: =A31&"-"&B31&"-"&C31 -> Alimentation Humaine-Assiette-Fruits coque | M31: =MATCH(L31,[6]RESULTATS_4!$W:$W,FALSE) -> 28 | N31: {=IFERROR(INDEX([6]RESULTATS_4!G:G,$M31),"-")} -> Alimentation Humaine | O31: {=IFERROR(INDEX([6]RESULTATS_4!H:H,$M31),"-")} -> Assiette | P31: {=IFERROR(INDEX([6]RESULTATS_4!I:I,$M31),"-")} -> Fruits coque | Q31: {=IFERROR(INDEX([6]RESULTATS_4!$J:$J,M31),"-")} -> g éq. primaire/jour | S31: =C31&"-"&D31 -> Fruits coque-g éq. primaire/jour | T31: =MATCH(S31,[2]S0!$R:$R,FALSE) -> 27 | U31: 12.280474 | V31: 15.420671 | W31: 9.1417622 | X31: 8.1260108 | Y31: 7.1102595 | Z31: 6.6088589 | AB31: 27 | AC31: 31.402596 | AD31: 27 | AE31: 20.725986 | AH31: =IF(AND(E31=0,U31=0),"ok 0",(E31/U31-1)*100) -> 106.57833 | AI31: =IF(AND(F31=0,V31=0),"ok 0",(F31/V31-1)*100) -> 173.20802 | AJ31: =IF(AND(G31=0,W31=0),"ok 0",(G31/W31-1)*100) -> 169.3874 | AK31: =IF(AND(H31=0,X31=0),"ok 0",(H31/X31-1)*100) -> 169.3874 | AL31: =IF(AND(I31=0,Y31=0),"ok 0",(I31/Y31-1)*100) -> 169.3874 | AM31: =IF(AND(J31=0,Z31=0),"ok 0",(J31/Z31-1)*100) -> 173.20802 | AN31: revision population+corrections mineures assiette
A32: Alimentation Humaine | B32: Assiette | C32: Plantes oléifères et huiles | D32: g éq. primaire/jour | E32: =SUMIFS(ADEME!$F:$F,ADEME!$A:$A,$A32,ADEME!$B:$B,$B32,ADEME!$C:$C,$C32,ADEME!$D:$D,$D32,ADEME!$E:$E,F$9) -> 77.743394 | F32: =SUMIFS(ADEME!$L:$L,ADEME!$A:$A,$A32,ADEME!$B:$B,$B32,ADEME!$C:$C,$C32,ADEME!$D:$D,$D32,ADEME!$E:$E,F$9) -> 88.38092 | G32: =SUMIFS(ADEME!$L:$L,ADEME!$A:$A,$A32,ADEME!$B:$B,$B32,ADEME!$C:$C,$C32,ADEME!$D:$D,$D32,ADEME!$E:$E,G$9) -> 149.69143 | H32: =SUMIFS(ADEME!$L:$L,ADEME!$A:$A,$A32,ADEME!$B:$B,$B32,ADEME!$C:$C,$C32,ADEME!$D:$D,$D32,ADEME!$E:$E,H$9) -> 116.66323 | I32: =SUMIFS(ADEME!$L:$L,ADEME!$A:$A,$A32,ADEME!$B:$B,$B32,ADEME!$C:$C,$C32,ADEME!$D:$D,$D32,ADEME!$E:$E,I$9) -> 101.00761 | J32: =SUMIFS(ADEME!$L:$L,ADEME!$A:$A,$A32,ADEME!$B:$B,$B32,ADEME!$C:$C,$C32,ADEME!$D:$D,$D32,ADEME!$E:$E,J$9) -> 97.584901 | L32: =A32&"-"&B32&"-"&C32 -> Alimentation Humaine-Assiette-Plantes oléifères et huiles | M32: =MATCH(L32,[6]RESULTATS_4!$W:$W,FALSE) -> 33 | N32: {=IFERROR(INDEX([6]RESULTATS_4!G:G,$M32),"-")} -> Alimentation Humaine | O32: {=IFERROR(INDEX([6]RESULTATS_4!H:H,$M32),"-")} -> Assiette | P32: {=IFERROR(INDEX([6]RESULTATS_4!I:I,$M32),"-")} -> Plantes oléifères et huiles | Q32: {=IFERROR(INDEX([6]RESULTATS_4!$J:$J,M32),"-")} -> g éq. primaire/jour | S32: =C32&"-"&D32 -> Plantes oléifères et huiles-g éq. primaire/jour | T32: =MATCH(S32,[2]S0!$R:$R,FALSE) -> 28 | U32: 60.140541 | V32: 90.687943 | W32: 112.24511 | X32: 94.925208 | Y32: 87.066095 | Z32: 83.115963 | AB32: 28 | AC32: 78.186222 | AD32: 28 | AE32: 78.186222 | AH32: =IF(AND(E32=0,U32=0),"ok 0",(E32/U32-1)*100) -> 29.269528 | AI32: =IF(AND(F32=0,V32=0),"ok 0",(F32/V32-1)*100) -> -2.543913 | AJ32: =IF(AND(G32=0,W32=0),"ok 0",(G32/W32-1)*100) -> 33.361201 | AK32: =IF(AND(H32=0,X32=0),"ok 0",(H32/X32-1)*100) -> 22.900156 | AL32: =IF(AND(I32=0,Y32=0),"ok 0",(I32/Y32-1)*100) -> 16.012567 | AM32: =IF(AND(J32=0,Z32=0),"ok 0",(J32/Z32-1)*100) -> 17.408134 | AN32: revision population+corrections mineures assiette
A33: Alimentation Humaine | B33: Assiette | C33: Légumes | D33: g éq. primaire/jour | E33: =SUMIFS(ADEME!$F:$F,ADEME!$A:$A,$A33,ADEME!$B:$B,$B33,ADEME!$C:$C,$C33,ADEME!$D:$D,$D33,ADEME!$E:$E,F$9) -> 291.49575 | F33: =SUMIFS(ADEME!$L:$L,ADEME!$A:$A,$A33,ADEME!$B:$B,$B33,ADEME!$C:$C,$C33,ADEME!$D:$D,$D33,ADEME!$E:$E,F$9) -> 334.27232 | G33: =SUMIFS(ADEME!$L:$L,ADEME!$A:$A,$A33,ADEME!$B:$B,$B33,ADEME!$C:$C,$C33,ADEME!$D:$D,$D33,ADEME!$E:$E,G$9) -> 307.09959 | H33: =SUMIFS(ADEME!$L:$L,ADEME!$A:$A,$A33,ADEME!$B:$B,$B33,ADEME!$C:$C,$C33,ADEME!$D:$D,$D33,ADEME!$E:$E,H$9) -> 284.75466 | I33: =SUMIFS(ADEME!$L:$L,ADEME!$A:$A,$A33,ADEME!$B:$B,$B33,ADEME!$C:$C,$C33,ADEME!$D:$D,$D33,ADEME!$E:$E,I$9) -> 240.43577 | J33: =SUMIFS(ADEME!$L:$L,ADEME!$A:$A,$A33,ADEME!$B:$B,$B33,ADEME!$C:$C,$C33,ADEME!$D:$D,$D33,ADEME!$E:$E,J$9) -> 279.90392 | L33: =A33&"-"&B33&"-"&C33 -> Alimentation Humaine-Assiette-Légumes | M33: =MATCH(L33,[6]RESULTATS_4!$W:$W,FALSE) -> 30 | N33: {=IFERROR(INDEX([6]RESULTATS_4!G:G,$M33),"-")} -> Alimentation Humaine | O33: {=IFERROR(INDEX([6]RESULTATS_4!H:H,$M33),"-")} -> Assiette | P33: {=IFERROR(INDEX([6]RESULTATS_4!I:I,$M33),"-")} -> Légumes | Q33: {=IFERROR(INDEX([6]RESULTATS_4!$J:$J,M33),"-")} -> g éq. primaire/jour | S33: =C33&"-"&D33 -> Légumes-g éq. primaire/jour | T33: =MATCH(S33,[2]S0!$R:$R,FALSE) -> 29 | U33: 278.28151 | V33: 321.63113 | W33: 304.72541 | X33: 281.36312 | Y33: 240.73307 | Z33: 270.96322 | AB33: 29 | AC33: 341.27964 | AD33: 29 | AE33: 303.68103 | AH33: =IF(AND(E33=0,U33=0),"ok 0",(E33/U33-1)*100) -> 4.7485148 | AI33: =IF(AND(F33=0,V33=0),"ok 0",(F33/V33-1)*100) -> 3.9303355 | AJ33: =IF(AND(G33=0,W33=0),"ok 0",(G33/W33-1)*100) -> 0.77912302 | AK33: =IF(AND(H33=0,X33=0),"ok 0",(H33/X33-1)*100) -> 1.2053956 | AL33: =IF(AND(I33=0,Y33=0),"ok 0",(I33/Y33-1)*100) -> -0.12349682 | AM33: =IF(AND(J33=0,Z33=0),"ok 0",(J33/Z33-1)*100) -> 3.2996011 | AN33: revision population+corrections mineures assiette
A34: Alimentation Humaine | B34: Assiette | C34: Fruits | D34: g éq. primaire/jour | E34: =SUMIFS(ADEME!$F:$F,ADEME!$A:$A,$A34,ADEME!$B:$B,$B34,ADEME!$C:$C,$C34,ADEME!$D:$D,$D34,ADEME!$E:$E,F$9) -> 302.04676 | F34: =SUMIFS(ADEME!$L:$L,ADEME!$A:$A,$A34,ADEME!$B:$B,$B34,ADEME!$C:$C,$C34,ADEME!$D:$D,$D34,ADEME!$E:$E,F$9) -> 419.51912 | G34: =SUMIFS(ADEME!$L:$L,ADEME!$A:$A,$A34,ADEME!$B:$B,$B34,ADEME!$C:$C,$C34,ADEME!$D:$D,$D34,ADEME!$E:$E,G$9) -> 229.75255 | H34: =SUMIFS(ADEME!$L:$L,ADEME!$A:$A,$A34,ADEME!$B:$B,$B34,ADEME!$C:$C,$C34,ADEME!$D:$D,$D34,ADEME!$E:$E,H$9) -> 255.11923 | I34: =SUMIFS(ADEME!$L:$L,ADEME!$A:$A,$A34,ADEME!$B:$B,$B34,ADEME!$C:$C,$C34,ADEME!$D:$D,$D34,ADEME!$E:$E,I$9) -> 230.10331 | J34: =SUMIFS(ADEME!$L:$L,ADEME!$A:$A,$A34,ADEME!$B:$B,$B34,ADEME!$C:$C,$C34,ADEME!$D:$D,$D34,ADEME!$E:$E,J$9) -> 275.64362 | L34: =A34&"-"&B34&"-"&C34 -> Alimentation Humaine-Assiette-Fruits | M34: =MATCH(L34,[6]RESULTATS_4!$W:$W,FALSE) -> 27 | N34: {=IFERROR(INDEX([6]RESULTATS_4!G:G,$M34),"-")} -> Alimentation Humaine | O34: {=IFERROR(INDEX([6]RESULTATS_4!H:H,$M34),"-")} -> Assiette | P34: {=IFERROR(INDEX([6]RESULTATS_4!I:I,$M34),"-")} -> Fruits | Q34: {=IFERROR(INDEX([6]RESULTATS_4!$J:$J,M34),"-")} -> g éq. primaire/jour | S34: =C34&"-"&D34 -> Fruits-g éq. primaire/jour | T34: =MATCH(S34,[2]S0!$R:$R,FALSE) -> 30 | U34: 242.96994 | V34: 336.79352 | W34: 198.98255 | X34: 214.10701 | Y34: 203.75658 | Z34: 234.1705 | AB34: 30 | AC34: 325.60202 | AD34: 30 | AE34: 276.45455 | AH34: =IF(AND(E34=0,U34=0),"ok 0",(E34/U34-1)*100) -> 24.314457 | AI34: =IF(AND(F34=0,V34=0),"ok 0",(F34/V34-1)*100) -> 24.562706 | AJ34: =IF(AND(G34=0,W34=0),"ok 0",(G34/W34-1)*100) -> 15.463669 | AK34: =IF(AND(H34=0,X34=0),"ok 0",(H34/X34-1)*100) -> 19.155009 | AL34: =IF(AND(I34=0,Y34=0),"ok 0",(I34/Y34-1)*100) -> 12.930493 | AM34: =IF(AND(J34=0,Z34=0),"ok 0",(J34/Z34-1)*100) -> 17.710652 | AN34: revision population+corrections mineures assiette
A35: Alimentation Humaine | B35: Assiette | C35: Café thé cacao | D35: g éq. primaire/jour | E35: =SUMIFS(ADEME!$F:$F,ADEME!$A:$A,$A35,ADEME!$B:$B,$B35,ADEME!$C:$C,$C35,ADEME!$D:$D,$D35,ADEME!$E:$E,F$9) -> 29.922136 | F35: =SUMIFS(ADEME!$L:$L,ADEME!$A:$A,$A35,ADEME!$B:$B,$B35,ADEME!$C:$C,$C35,ADEME!$D:$D,$D35,ADEME!$E:$E,F$9) -> 20.930862 | G35: =SUMIFS(ADEME!$L:$L,ADEME!$A:$A,$A35,ADEME!$B:$B,$B35,ADEME!$C:$C,$C35,ADEME!$D:$D,$D35,ADEME!$E:$E,G$9) -> 5.7363924 | H35: =SUMIFS(ADEME!$L:$L,ADEME!$A:$A,$A35,ADEME!$B:$B,$B35,ADEME!$C:$C,$C35,ADEME!$D:$D,$D35,ADEME!$E:$E,H$9) -> 6.903976 | I35: =SUMIFS(ADEME!$L:$L,ADEME!$A:$A,$A35,ADEME!$B:$B,$B35,ADEME!$C:$C,$C35,ADEME!$D:$D,$D35,ADEME!$E:$E,I$9) -> 6.1201022 | J35: =SUMIFS(ADEME!$L:$L,ADEME!$A:$A,$A35,ADEME!$B:$B,$B35,ADEME!$C:$C,$C35,ADEME!$D:$D,$D35,ADEME!$E:$E,J$9) -> 13.514164 | L35: =A35&"-"&B35&"-"&C35 -> Alimentation Humaine-Assiette-Café thé cacao | M35: =MATCH(L35,[6]RESULTATS_4!$W:$W,FALSE) -> 24 | N35: {=IFERROR(INDEX([6]RESULTATS_4!G:G,$M35),"-")} -> Alimentation Humaine | O35: {=IFERROR(INDEX([6]RESULTATS_4!H:H,$M35),"-")} -> Assiette | P35: {=IFERROR(INDEX([6]RESULTATS_4!I:I,$M35),"-")} -> Café thé cacao | Q35: {=IFERROR(INDEX([6]RESULTATS_4!$J:$J,M35),"-")} -> g éq. primaire/jour | S35: =C35&"-"&D35 -> Café thé cacao-g éq. primaire/jour | T35: =MATCH(S35,[2]S0!$R:$R,FALSE) -> 31 | U35: 17.544928 | V35: 33.74954 | W35: 9.0588229 | X35: 10.277725 | Y35: 7.8899317 | Z35: 18.294451 | AB35: 31 | AC35: 15.663329 | AD35: 31 | AE35: 16.558011 | AH35: =IF(AND(E35=0,U35=0),"ok 0",(E35/U35-1)*100) -> 70.545796 | AI35: =IF(AND(F35=0,V35=0),"ok 0",(F35/V35-1)*100) -> -37.981787 | AJ35: =IF(AND(G35=0,W35=0),"ok 0",(G35/W35-1)*100) -> -36.676184 | AK35: =IF(AND(H35=0,X35=0),"ok 0",(H35/X35-1)*100) -> -32.825831 | AL35: =IF(AND(I35=0,Y35=0),"ok 0",(I35/Y35-1)*100) -> -22.431493 | AM35: =IF(AND(J35=0,Z35=0),"ok 0",(J35/Z35-1)*100) -> -26.129711 | AN35: revision population+corrections mineures assiette
A36: Alimentation Humaine | B36: Assiette | C36: Boissons alcooliques | D36: g éq. primaire/jour | E36: =SUMIFS(ADEME!$F:$F,ADEME!$A:$A,$A36,ADEME!$B:$B,$B36,ADEME!$C:$C,$C36,ADEME!$D:$D,$D36,ADEME!$E:$E,F$9) -> 268.86388 | F36: =SUMIFS(ADEME!$L:$L,ADEME!$A:$A,$A36,ADEME!$B:$B,$B36,ADEME!$C:$C,$C36,ADEME!$D:$D,$D36,ADEME!$E:$E,F$9) -> 277.91421 | G36: =SUMIFS(ADEME!$L:$L,ADEME!$A:$A,$A36,ADEME!$B:$B,$B36,ADEME!$C:$C,$C36,ADEME!$D:$D,$D36,ADEME!$E:$E,G$9) -> 145.36155 | H36: =SUMIFS(ADEME!$L:$L,ADEME!$A:$A,$A36,ADEME!$B:$B,$B36,ADEME!$C:$C,$C36,ADEME!$D:$D,$D36,ADEME!$E:$E,H$9) -> 173.06861 | I36: =SUMIFS(ADEME!$L:$L,ADEME!$A:$A,$A36,ADEME!$B:$B,$B36,ADEME!$C:$C,$C36,ADEME!$D:$D,$D36,ADEME!$E:$E,I$9) -> 185.41695 | J36: =SUMIFS(ADEME!$L:$L,ADEME!$A:$A,$A36,ADEME!$B:$B,$B36,ADEME!$C:$C,$C36,ADEME!$D:$D,$D36,ADEME!$E:$E,J$9) -> 257.02843 | L36: =A36&"-"&B36&"-"&C36 -> Alimentation Humaine-Assiette-Boissons alcooliques | M36: =MATCH(L36,[6]RESULTATS_4!$W:$W,FALSE) -> 23 | N36: {=IFERROR(INDEX([6]RESULTATS_4!G:G,$M36),"-")} -> Alimentation Humaine | O36: {=IFERROR(INDEX([6]RESULTATS_4!H:H,$M36),"-")} -> Assiette | P36: {=IFERROR(INDEX([6]RESULTATS_4!I:I,$M36),"-")} -> Boissons alcooliques | Q36: {=IFERROR(INDEX([6]RESULTATS_4!$J:$J,M36),"-")} -> g éq. primaire/jour | S36: =C36&"-"&D36 -> Boissons alcooliques-g éq. primaire/jour | T36: =MATCH(S36,[2]S0!$R:$R,FALSE) -> 32 | U36: 225.25624 | V36: 224.7012 | W36: 118.84291 | X36: 141.18944 | Y36: 152.3627 | Z36: 205.9761 | AB36: 32 | AC36: 222.93645 | AD36: 32 | AE36: 225.46982 | AH36: =IF(AND(E36=0,U36=0),"ok 0",(E36/U36-1)*100) -> 19.359124 | AI36: =IF(AND(F36=0,V36=0),"ok 0",(F36/V36-1)*100) -> 23.681674 | AJ36: =IF(AND(G36=0,W36=0),"ok 0",(G36/W36-1)*100) -> 22.314027 | AK36: =IF(AND(H36=0,X36=0),"ok 0",(H36/X36-1)*100) -> 22.579009 | AL36: =IF(AND(I36=0,Y36=0),"ok 0",(I36/Y36-1)*100) -> 21.694448 | AM36: =IF(AND(J36=0,Z36=0),"ok 0",(J36/Z36-1)*100) -> 24.785557 | AN36: revision population+corrections mineures assiette
A37: Alimentation Humaine | B37: Assiette | C37: Lait et beurre | D37: g éq. primaire/jour | E37: =SUMIFS(ADEME!$F:$F,ADEME!$A:$A,$A37,ADEME!$B:$B,$B37,ADEME!$C:$C,$C37,ADEME!$D:$D,$D37,ADEME!$E:$E,F$9) -> 795.72024 | F37: =SUMIFS(ADEME!$L:$L,ADEME!$A:$A,$A37,ADEME!$B:$B,$B37,ADEME!$C:$C,$C37,ADEME!$D:$D,$D37,ADEME!$E:$E,F$9) -> 758.62223 | G37: =SUMIFS(ADEME!$L:$L,ADEME!$A:$A,$A37,ADEME!$B:$B,$B37,ADEME!$C:$C,$C37,ADEME!$D:$D,$D37,ADEME!$E:$E,G$9) -> 548.47152 | H37: =SUMIFS(ADEME!$L:$L,ADEME!$A:$A,$A37,ADEME!$B:$B,$B37,ADEME!$C:$C,$C37,ADEME!$D:$D,$D37,ADEME!$E:$E,H$9) -> 593.83808 | I37: =SUMIFS(ADEME!$L:$L,ADEME!$A:$A,$A37,ADEME!$B:$B,$B37,ADEME!$C:$C,$C37,ADEME!$D:$D,$D37,ADEME!$E:$E,I$9) -> 598.60834 | J37: =SUMIFS(ADEME!$L:$L,ADEME!$A:$A,$A37,ADEME!$B:$B,$B37,ADEME!$C:$C,$C37,ADEME!$D:$D,$D37,ADEME!$E:$E,J$9) -> 713.57792 | L37: =A37&"-"&B37&"-"&C37 -> Alimentation Humaine-Assiette-Lait et beurre | M37: =MATCH(L37,[6]RESULTATS_4!$W:$W,FALSE) -> 29 | N37: {=IFERROR(INDEX([6]RESULTATS_4!G:G,$M37),"-")} -> Alimentation Humaine | O37: {=IFERROR(INDEX([6]RESULTATS_4!H:H,$M37),"-")} -> Assiette | P37: {=IFERROR(INDEX([6]RESULTATS_4!I:I,$M37),"-")} -> Lait et beurre | Q37: {=IFERROR(INDEX([6]RESULTATS_4!$J:$J,M37),"-")} -> g éq. primaire/jour | S37: =C37&"-"&D37 -> Lait et beurre-g éq. primaire/jour | T37: =MATCH(S37,[2]S0!$R:$R,FALSE) -> 33 | U37: 863.6945 | V37: 861.98403 | W37: 622.72813 | X37: 677.32477 | Y37: 685.70472 | Z37: 807.41481 | AB37: 33 | AC37: 926.48962 | AD37: 33 | AE37: 895.0301 | AH37: =IF(AND(E37=0,U37=0),"ok 0",(E37/U37-1)*100) -> -7.8701733 | AI37: =IF(AND(F37=0,V37=0),"ok 0",(F37/V37-1)*100) -> -11.99115 | AJ37: =IF(AND(G37=0,W37=0),"ok 0",(G37/W37-1)*100) -> -11.924403 | AK37: =IF(AND(H37=0,X37=0),"ok 0",(H37/X37-1)*100) -> -12.325946 | AL37: =IF(AND(I37=0,Y37=0),"ok 0",(I37/Y37-1)*100) -> -12.701732 | AM37: =IF(AND(J37=0,Z37=0),"ok 0",(J37/Z37-1)*100) -> -11.621893 | AN37: mode de calcul révisé pour le lait en 2025
A38: Alimentation Humaine | B38: Assiette | C38: Œufs | D38: g éq. primaire/jour | E38: =SUMIFS(ADEME!$F:$F,ADEME!$A:$A,$A38,ADEME!$B:$B,$B38,ADEME!$C:$C,$C38,ADEME!$D:$D,$D38,ADEME!$E:$E,F$9) -> 38.260816 | F38: =SUMIFS(ADEME!$L:$L,ADEME!$A:$A,$A38,ADEME!$B:$B,$B38,ADEME!$C:$C,$C38,ADEME!$D:$D,$D38,ADEME!$E:$E,F$9) -> 38.94531 | G38: =SUMIFS(ADEME!$L:$L,ADEME!$A:$A,$A38,ADEME!$B:$B,$B38,ADEME!$C:$C,$C38,ADEME!$D:$D,$D38,ADEME!$E:$E,G$9) -> 40.51403 | H38: =SUMIFS(ADEME!$L:$L,ADEME!$A:$A,$A38,ADEME!$B:$B,$B38,ADEME!$C:$C,$C38,ADEME!$D:$D,$D38,ADEME!$E:$E,H$9) -> 40.51403 | I38: =SUMIFS(ADEME!$L:$L,ADEME!$A:$A,$A38,ADEME!$B:$B,$B38,ADEME!$C:$C,$C38,ADEME!$D:$D,$D38,ADEME!$E:$E,I$9) -> 40.51403 | J38: =SUMIFS(ADEME!$L:$L,ADEME!$A:$A,$A38,ADEME!$B:$B,$B38,ADEME!$C:$C,$C38,ADEME!$D:$D,$D38,ADEME!$E:$E,J$9) -> 44.556332 | L38: =A38&"-"&B38&"-"&C38 -> Alimentation Humaine-Assiette-Œufs | M38: =MATCH(L38,[6]RESULTATS_4!$W:$W,FALSE) -> 32 | N38: {=IFERROR(INDEX([6]RESULTATS_4!G:G,$M38),"-")} -> Alimentation Humaine | O38: {=IFERROR(INDEX([6]RESULTATS_4!H:H,$M38),"-")} -> Assiette | P38: {=IFERROR(INDEX([6]RESULTATS_4!I:I,$M38),"-")} -> Œufs | Q38: {=IFERROR(INDEX([6]RESULTATS_4!$J:$J,M38),"-")} -> g éq. primaire/jour | S38: =C38&"-"&D38 -> Œufs-g éq. primaire/jour | T38: =MATCH(S38,[2]S0!$R:$R,FALSE) -> 34 | U38: 37.976728 | V38: 38.51066 | W38: 40.630054 | X38: 40.630054 | Y38: 40.630054 | Z38: 44.059059 | AB38: 34 | AC38: 45.963577 | AD38: 34 | AE38: 40.942346 | AH38: =IF(AND(E38=0,U38=0),"ok 0",(E38/U38-1)*100) -> 0.74805691 | AI38: =IF(AND(F38=0,V38=0),"ok 0",(F38/V38-1)*100) -> 1.1286491 | AJ38: =IF(AND(G38=0,W38=0),"ok 0",(G38/W38-1)*100) -> -0.28556245 | AK38: =IF(AND(H38=0,X38=0),"ok 0",(H38/X38-1)*100) -> -0.28556245 | AL38: =IF(AND(I38=0,Y38=0),"ok 0",(I38/Y38-1)*100) -> -0.28556245 | AM38: =IF(AND(J38=0,Z38=0),"ok 0",(J38/Z38-1)*100) -> 1.1286491 | AN38: revision population+corrections mineures assiette
... A60: Alimentation Humaine | B60: Approvisionnement | C60: Œufs | D60: kt | E60: =SUMIFS(ADEME!$F:$F,ADEME!$A:$A,$A60,ADEME!$B:$B,$B60,ADEME!$C:$C,$C60,ADEME!$D:$D,$D60,ADEME!$E:$E,F$9) -> 831.7287 | F60: =SUMIFS(ADEME!$L:$L,ADEME!$A:$A,$A60,ADEME!$B:$B,$B60,ADEME!$C:$C,$C60,ADEME!$D:$D,$D60,ADEME!$E:$E,F$9) -> 861.02751 | G60: =SUMIFS(ADEME!$L:$L,ADEME!$A:$A,$A60,ADEME!$B:$B,$B60,ADEME!$C:$C,$C60,ADEME!$D:$D,$D60,ADEME!$E:$E,G$9) -> 878.00105 | H60: =SUMIFS(ADEME!$L:$L,ADEME!$A:$A,$A60,ADEME!$B:$B,$B60,ADEME!$C:$C,$C60,ADEME!$D:$D,$D60,ADEME!$E:$E,H$9) -> 878.00105 | I60: =SUMIFS(ADEME!$L:$L,ADEME!$A:$A,$A60,ADEME!$B:$B,$B60,ADEME!$C:$C,$C60,ADEME!$D:$D,$D60,ADEME!$E:$E,I$9) -> 878.00105 | J60: =SUMIFS(ADEME!$L:$L,ADEME!$A:$A,$A60,ADEME!$B:$B,$B60,ADEME!$C:$C,$C60,ADEME!$D:$D,$D60,ADEME!$E:$E,J$9) -> 959.55512 | L60: =A60&"-"&B60&"-"&C60 -> Alimentation Humaine-Approvisionnement-Œufs | M60: =MATCH(L60,[6]RESULTATS_4!$W:$W,FALSE) -> 11 | N60: {=IFERROR(INDEX([6]RESULTATS_4!G:G,$M60),"-")} -> Alimentation Humaine | O60: {=IFERROR(INDEX([6]RESULTATS_4!H:H,$M60),"-")} -> Approvisionnement | P60: {=IFERROR(INDEX([6]RESULTATS_4!I:I,$M60),"-")} -> Œufs | Q60: {=IFERROR(INDEX([6]RESULTATS_4!$J:$J,M60),"-")} -> kt | S60: =C60&"-"&D60 -> Œufs-kt | T60: =MATCH(S60,[2]S0!$R:$R,FALSE) -> #N/A | U60: 832.88523 | V60: 884.60999 | W60: 913.78602 | X60: 913.78602 | Y60: 913.78602 | Z60: 985.83616 | AB60: 56 | AC60: 985.11174 | AD60: 56 | AE60: 901.47849 | AH60: =IF(AND(E60=0,U60=0),"ok 0",(E60/U60-1)*100) -> -0.138858 | AI60: =IF(AND(F60=0,V60=0),"ok 0",(F60/V60-1)*100) -> -2.6658621 | AJ60: =IF(AND(G60=0,W60=0),"ok 0",(G60/W60-1)*100) -> -3.916121 | AK60: =IF(AND(H60=0,X60=0),"ok 0",(H60/X60-1)*100) -> -3.916121 | AL60: =IF(AND(I60=0,Y60=0),"ok 0",(I60/Y60-1)*100) -> -3.916121 | AM60: =IF(AND(J60=0,Z60=0),"ok 0",(J60/Z60-1)*100) -> -2.6658621 | AN60: revision population+corrections mineures assiette
A61: Alimentation Humaine | B61: Approvisionnement | C61: Poissons | D61: kt | E61: =SUMIFS(ADEME!$F:$F,ADEME!$A:$A,$A61,ADEME!$B:$B,$B61,ADEME!$C:$C,$C61,ADEME!$D:$D,$D61,ADEME!$E:$E,F$9) -> 1488.8137 | F61: =SUMIFS(ADEME!$L:$L,ADEME!$A:$A,$A61,ADEME!$B:$B,$B61,ADEME!$C:$C,$C61,ADEME!$D:$D,$D61,ADEME!$E:$E,F$9) -> 1966.4255 | G61: =SUMIFS(ADEME!$L:$L,ADEME!$A:$A,$A61,ADEME!$B:$B,$B61,ADEME!$C:$C,$C61,ADEME!$D:$D,$D61,ADEME!$E:$E,G$9) -> 599.40026 | H61: =SUMIFS(ADEME!$L:$L,ADEME!$A:$A,$A61,ADEME!$B:$B,$B61,ADEME!$C:$C,$C61,ADEME!$D:$D,$D61,ADEME!$E:$E,H$9) -> 801.50809 | I61: =SUMIFS(ADEME!$L:$L,ADEME!$A:$A,$A61,ADEME!$B:$B,$B61,ADEME!$C:$C,$C61,ADEME!$D:$D,$D61,ADEME!$E:$E,I$9) -> 858.26415 | J61: =SUMIFS(ADEME!$L:$L,ADEME!$A:$A,$A61,ADEME!$B:$B,$B61,ADEME!$C:$C,$C61,ADEME!$D:$D,$D61,ADEME!$E:$E,J$9) -> 2260.7488 | L61: =A61&"-"&B61&"-"&C61 -> Alimentation Humaine-Approvisionnement-Poissons | M61: =MATCH(L61,[6]RESULTATS_4!$W:$W,FALSE) -> 13 | N61: {=IFERROR(INDEX([6]RESULTATS_4!G:G,$M61),"-")} -> Alimentation Humaine | O61: {=IFERROR(INDEX([6]RESULTATS_4!H:H,$M61),"-")} -> Approvisionnement | P61: {=IFERROR(INDEX([6]RESULTATS_4!I:I,$M61),"-")} -> Poissons | Q61: {=IFERROR(INDEX([6]RESULTATS_4!$J:$J,M61),"-")} -> kt | S61: =C61&"-"&D61 -> Poissons-kt | T61: =MATCH(S61,[2]S0!$R:$R,FALSE) -> #N/A | U61: 2270.8265 | V61: 2461.4462 | W61: 1443.4468 | X61: 1793.3052 | Y61: 2092.1894 | Z61: 2976.4671 | AB61: 57 | AC61: 2280.0814 | AD61: 57 | AE61: 2298.4616 | AH61: =IF(AND(E61=0,U61=0),"ok 0",((E61+E62)/U61-1)*100) -> -6.9222506 | AI61: =IF(AND(F61=0,V61=0),"ok 0",((F61+F62)/V61-1)*100) -> 7.3764972 | AJ61: =IF(AND(G61=0,W61=0),"ok 0",((G61+G62)/W61-1)*100) -> -5.104616 | AK61: =IF(AND(H61=0,X61=0),"ok 0",((H61+H62)/X61-1)*100) -> -7.0325969 | AL61: =IF(AND(I61=0,Y61=0),"ok 0",((I61+I62)/Y61-1)*100) -> -11.743371 | AM61: =IF(AND(J61=0,Z61=0),"ok 0",((J61+J62)/Z61-1)*100) -> 5.2399382 | AN61: 2 postes différents en 2025
A62: Alimentation Humaine | B62: Approvisionnement | C62: Coquillages et crustacés | D62: kt | E62: =SUMIFS(ADEME!$F:$F,ADEME!$A:$A,$A62,ADEME!$B:$B,$B62,ADEME!$C:$C,$C62,ADEME!$D:$D,$D62,ADEME!$E:$E,F$9) -> 624.82049 | F62: =SUMIFS(ADEME!$L:$L,ADEME!$A:$A,$A62,ADEME!$B:$B,$B62,ADEME!$C:$C,$C62,ADEME!$D:$D,$D62,ADEME!$E:$E,F$9) -> 676.58924 | G62: =SUMIFS(ADEME!$L:$L,ADEME!$A:$A,$A62,ADEME!$B:$B,$B62,ADEME!$C:$C,$C62,ADEME!$D:$D,$D62,ADEME!$E:$E,G$9) -> 770.36412 | H62: =SUMIFS(ADEME!$L:$L,ADEME!$A:$A,$A62,ADEME!$B:$B,$B62,ADEME!$C:$C,$C62,ADEME!$D:$D,$D62,ADEME!$E:$E,H$9) -> 865.68117 | I62: =SUMIFS(ADEME!$L:$L,ADEME!$A:$A,$A62,ADEME!$B:$B,$B62,ADEME!$C:$C,$C62,ADEME!$D:$D,$D62,ADEME!$E:$E,I$9) -> 988.23167 | J62: =SUMIFS(ADEME!$L:$L,ADEME!$A:$A,$A62,ADEME!$B:$B,$B62,ADEME!$C:$C,$C62,ADEME!$D:$D,$D62,ADEME!$E:$E,J$9) -> 871.68327 | L62: =A62&"-"&B62&"-"&C62 -> Alimentation Humaine-Approvisionnement-Coquillages et crustacés | M62: =MATCH(L62,[6]RESULTATS_4!$W:$W,FALSE) -> 5 | N62: {=IFERROR(INDEX([6]RESULTATS_4!G:G,$M62),"-")} -> Alimentation Humaine | O62: {=IFERROR(INDEX([6]RESULTATS_4!H:H,$M62),"-")} -> Approvisionnement | P62: {=IFERROR(INDEX([6]RESULTATS_4!I:I,$M62),"-")} -> Coquillages et crustacés | Q62: {=IFERROR(INDEX([6]RESULTATS_4!$J:$J,M62),"-")} -> kt | S62: =C62&"-"&D62 -> Coquillages et crustacés-kt | T62: =MATCH(S62,[2]S0!$R:$R,FALSE) -> #N/A | U62: 3.1365178 | V62: 16.272061 | W62: 0 | X62: 0 | Y62: 0 | Z62: 0 | AB62: 58 | AC62: 11.843999 | AD62: 58 | AE62: 11.794522 | AN62: poste inexistant en 2021
A63: - | B63: - | C63: UTILISATION DU TERRITOIRE
A64: Utilisation du territoire | B64: Usage des terres | C64: Eaux, roches, autres [écarts] | D64: kha | E64: =SUMIFS(ADEME!$F:$F,ADEME!$A:$A,$A64,ADEME!$B:$B,$B64,ADEME!$C:$C,$C64,ADEME!$D:$D,$D64,ADEME!$E:$E,F$9) -> 1545.8757 | F64: =SUMIFS(ADEME!$L:$L,ADEME!$A:$A,$A64,ADEME!$B:$B,$B64,ADEME!$C:$C,$C64,ADEME!$D:$D,$D64,ADEME!$E:$E,F$9) -> 1590.7061 | G64: =SUMIFS(ADEME!$L:$L,ADEME!$A:$A,$A64,ADEME!$B:$B,$B64,ADEME!$C:$C,$C64,ADEME!$D:$D,$D64,ADEME!$E:$E,G$9) -> 1590.7061 | H64: =SUMIFS(ADEME!$L:$L,ADEME!$A:$A,$A64,ADEME!$B:$B,$B64,ADEME!$C:$C,$C64,ADEME!$D:$D,$D64,ADEME!$E:$E,H$9) -> 1590.7061 | I64: =SUMIFS(ADEME!$L:$L,ADEME!$A:$A,$A64,ADEME!$B:$B,$B64,ADEME!$C:$C,$C64,ADEME!$D:$D,$D64,ADEME!$E:$E,I$9) -> 1590.7061 | J64: =SUMIFS(ADEME!$L:$L,ADEME!$A:$A,$A64,ADEME!$B:$B,$B64,ADEME!$C:$C,$C64,ADEME!$D:$D,$D64,ADEME!$E:$E,J$9) -> 1590.7061 | L64: =A64&"-"&B64&"-"&C64 -> Utilisation du territoire-Usage des terres-Eaux, roches, autres [écarts] | M64: =MATCH(L64,[6]RESULTATS_4!$W:$W,FALSE) -> 591 | N64: {=IFERROR(INDEX([6]RESULTATS_4!G:G,$M64),"-")} -> Utilisation du territoire | O64: {=IFERROR(INDEX([6]RESULTATS_4!H:H,$M64),"-")} -> Usage des terres | P64: {=IFERROR(INDEX([6]RESULTATS_4!I:I,$M64),"-")} -> Eaux, roches, autres [écarts] | Q64: {=IFERROR(INDEX([6]RESULTATS_4!$J:$J,M64),"-")} -> kha | S64: =C64&"-"&D64 -> Eaux, roches, autres [écarts]-kha | T64: =MATCH(S64,[2]S0!$R:$R,FALSE) -> #N/A | U64: 1972.4023 | V64: 1913.2302 | W64: 2209.0905 | X64: 2051.2983 | Y64: 2130.1944 | Z64: 1854.0581 | AB64: non | AC64: non | AD64: non | AE64: non | AH64: =IF(AND(E64=0,U64=0),"ok 0",(E64/U64-1)*100) -> -21.624725 | AI64: =IF(AND(F64=0,V64=0),"ok 0",(F64/V64-1)*100) -> -16.85757 | AJ64: =IF(AND(G64=0,W64=0),"ok 0",(G64/W64-1)*100) -> -27.992716 | AK64: =IF(AND(H64=0,X64=0),"ok 0",(H64/X64-1)*100) -> -22.453695 | AL64: =IF(AND(I64=0,Y64=0),"ok 0",(I64/Y64-1)*100) -> -25.32578 | AM64: =IF(AND(J64=0,Z64=0),"ok 0",(J64/Z64-1)*100) -> -14.204088 | AN64: révision tendances 2025
A65: Utilisation du territoire | B65: Usage des terres | C65: Forêts et peupleraies | D65: kha | E65: =SUMIFS(ADEME!$F:$F,ADEME!$A:$A,$A65,ADEME!$B:$B,$B65,ADEME!$C:$C,$C65,ADEME!$D:$D,$D65,ADEME!$E:$E,F$9) -> 17489.472 | F65: =SUMIFS(ADEME!$L:$L,ADEME!$A:$A,$A65,ADEME!$B:$B,$B65,ADEME!$C:$C,$C65,ADEME!$D:$D,$D65,ADEME!$E:$E,F$9) -> 18363.946 | G65: =SUMIFS(ADEME!$L:$L,ADEME!$A:$A,$A65,ADEME!$B:$B,$B65,ADEME!$C:$C,$C65,ADEME!$D:$D,$D65,ADEME!$E:$E,G$9) -> 20441.609 | H65: =SUMIFS(ADEME!$L:$L,ADEME!$A:$A,$A65,ADEME!$B:$B,$B65,ADEME!$C:$C,$C65,ADEME!$D:$D,$D65,ADEME!$E:$E,H$9) -> 18110.921 | I65: =SUMIFS(ADEME!$L:$L,ADEME!$A:$A,$A65,ADEME!$B:$B,$B65,ADEME!$C:$C,$C65,ADEME!$D:$D,$D65,ADEME!$E:$E,I$9) -> 18161.712 | J65: =SUMIFS(ADEME!$L:$L,ADEME!$A:$A,$A65,ADEME!$B:$B,$B65,ADEME!$C:$C,$C65,ADEME!$D:$D,$D65,ADEME!$E:$E,J$9) -> 17851.504 | L65: =A65&"-"&B65&"-"&C65 -> Utilisation du territoire-Usage des terres-Forêts et peupleraies | M65: =MATCH(L65,[6]RESULTATS_4!$W:$W,FALSE) -> 595 | N65: {=IFERROR(INDEX([6]RESULTATS_4!G:G,$M65),"-")} -> Utilisation du territoire | O65: {=IFERROR(INDEX([6]RESULTATS_4!H:H,$M65),"-")} -> Usage des terres | P65: {=IFERROR(INDEX([6]RESULTATS_4!I:I,$M65),"-")} -> Forêts et peupleraies | Q65: {=IFERROR(INDEX([6]RESULTATS_4!$J:$J,M65),"-")} -> kha | S65: =C65&"-"&D65 -> Forêts et peupleraies-kha | T65: =MATCH(S65,[2]S0!$R:$R,FALSE) -> #N/A | U65: 16914.342 | V65: 18605.776 | W65: 19769.4 | X65: 17515.354 | Y65: 17564.475 | Z65: 17264.469 | AB65: 66 | AC65: 17878.459 | AD65: 66 | AE65: 17269.543 | AH65: =IF(AND(E65=0,U65=0),"ok 0",(E65/U65-1)*100) -> 3.400253 | AI65: =IF(AND(F65=0,V65=0),"ok 0",(F65/V65-1)*100) -> -1.2997585 | AJ65: =IF(AND(G65=0,W65=0),"ok 0",(G65/W65-1)*100) -> 3.400253 | AK65: =IF(AND(H65=0,X65=0),"ok 0",(H65/X65-1)*100) -> 3.400253 | AL65: =IF(AND(I65=0,Y65=0),"ok 0",(I65/Y65-1)*100) -> 3.400253 | AM65: =IF(AND(J65=0,Z65=0),"ok 0",(J65/Z65-1)*100) -> 3.400253
A66: Utilisation du territoire | B66: Usage des terres | C66: Autres espaces naturels, landes | D66: kha | E66: =SUMIFS(ADEME!$F:$F,ADEME!$A:$A,$A66,ADEME!$B:$B,$B66,ADEME!$C:$C,$C66,ADEME!$D:$D,$D66,ADEME!$E:$E,F$9) -> 2177.3084 | F66: =SUMIFS(ADEME!$L:$L,ADEME!$A:$A,$A66,ADEME!$B:$B,$B66,ADEME!$C:$C,$C66,ADEME!$D:$D,$D66,ADEME!$E:$E,F$9) -> 1530.6478 | G66: =SUMIFS(ADEME!$L:$L,ADEME!$A:$A,$A66,ADEME!$B:$B,$B66,ADEME!$C:$C,$C66,ADEME!$D:$D,$D66,ADEME!$E:$E,G$9) -> 2438.5854 | H66: =SUMIFS(ADEME!$L:$L,ADEME!$A:$A,$A66,ADEME!$B:$B,$B66,ADEME!$C:$C,$C66,ADEME!$D:$D,$D66,ADEME!$E:$E,H$9) -> 2264.4007 | I66: =SUMIFS(ADEME!$L:$L,ADEME!$A:$A,$A66,ADEME!$B:$B,$B66,ADEME!$C:$C,$C66,ADEME!$D:$D,$D66,ADEME!$E:$E,I$9) -> 2351.4931 | J66: =SUMIFS(ADEME!$L:$L,ADEME!$A:$A,$A66,ADEME!$B:$B,$B66,ADEME!$C:$C,$C66,ADEME!$D:$D,$D66,ADEME!$E:$E,J$9) -> 2046.6699 | L66: =A66&"-"&B66&"-"&C66 -> Utilisation du territoire-Usage des terres-Autres espaces naturels, landes | M66: =MATCH(L66,[6]RESULTATS_4!$W:$W,FALSE) -> 585 | N66: {=IFERROR(INDEX([6]RESULTATS_4!G:G,$M66),"-")} -> Utilisation du territoire | O66: {=IFERROR(INDEX([6]RESULTATS_4!H:H,$M66),"-")} -> Usage des terres | P66: {=IFERROR(INDEX([6]RESULTATS_4!I:I,$M66),"-")} -> Autres espaces naturels, landes | Q66: {=IFERROR(INDEX([6]RESULTATS_4!$J:$J,M66),"-")} -> kha | S66: =C66&"-"&D66 -> Autres espaces naturels, landes-kha | T66: =MATCH(S66,[2]S0!$R:$R,FALSE) -> #N/A | U66: 2057.9952 | V66: 1996.2554 | W66: 2304.9547 | X66: 2140.3151 | Y66: 2222.6349 | Z66: 1934.5155 | AB66: non | AC66: non | AD66: non | AE66: non | AH66: =IF(AND(E66=0,U66=0),"ok 0",(E66/U66-1)*100) -> 5.7975425 | AI66: =IF(AND(F66=0,V66=0),"ok 0",(F66/V66-1)*100) -> -23.324049 | AJ66: =IF(AND(G66=0,W66=0),"ok 0",(G66/W66-1)*100) -> 5.7975425 | AK66: =IF(AND(H66=0,X66=0),"ok 0",(H66/X66-1)*100) -> 5.7975425 | AL66: =IF(AND(I66=0,Y66=0),"ok 0",(I66/Y66-1)*100) -> 5.7975425 | AM66: =IF(AND(J66=0,Z66=0),"ok 0",(J66/Z66-1)*100) -> 5.7975425
A67: Utilisation du territoire | B67: Usage des terres | C67: Jachères | D67: kha | E67: =SUMIFS(ADEME!$F:$F,ADEME!$A:$A,$A67,ADEME!$B:$B,$B67,ADEME!$C:$C,$C67,ADEME!$D:$D,$D67,ADEME!$E:$E,F$9) -> 411.7852 | F67: =SUMIFS(ADEME!$L:$L,ADEME!$A:$A,$A67,ADEME!$B:$B,$B67,ADEME!$C:$C,$C67,ADEME!$D:$D,$D67,ADEME!$E:$E,F$9) -> 409.27546 | G67: =SUMIFS(ADEME!$L:$L,ADEME!$A:$A,$A67,ADEME!$B:$B,$B67,ADEME!$C:$C,$C67,ADEME!$D:$D,$D67,ADEME!$E:$E,G$9) -> 413.8034 | H67: =SUMIFS(ADEME!$L:$L,ADEME!$A:$A,$A67,ADEME!$B:$B,$B67,ADEME!$C:$C,$C67,ADEME!$D:$D,$D67,ADEME!$E:$E,H$9) -> 401.2102 | I67: =SUMIFS(ADEME!$L:$L,ADEME!$A:$A,$A67,ADEME!$B:$B,$B67,ADEME!$C:$C,$C67,ADEME!$D:$D,$D67,ADEME!$E:$E,I$9) -> 372.47357 | J67: =SUMIFS(ADEME!$L:$L,ADEME!$A:$A,$A67,ADEME!$B:$B,$B67,ADEME!$C:$C,$C67,ADEME!$D:$D,$D67,ADEME!$E:$E,J$9) -> 407.31711 | L67: =A67&"-"&B67&"-"&C67 -> Utilisation du territoire-Usage des terres-Jachères | M67: =MATCH(L67,[6]RESULTATS_4!$W:$W,FALSE) -> 596 | N67: {=IFERROR(INDEX([6]RESULTATS_4!G:G,$M67),"-")} -> Utilisation du territoire | O67: {=IFERROR(INDEX([6]RESULTATS_4!H:H,$M67),"-")} -> Usage des terres | P67: {=IFERROR(INDEX([6]RESULTATS_4!I:I,$M67),"-")} -> Jachères | Q67: {=IFERROR(INDEX([6]RESULTATS_4!$J:$J,M67),"-")} -> kha | S67: =C67&"-"&D67 -> Jachères-kha | T67: =MATCH(S67,[2]S0!$R:$R,FALSE) -> #N/A | U67: 475.10275 | V67: 435.36086 | W67: 491.45691 | X67: 476.82888 | Y67: 419.95131 | Z67: 441.23095 | AB67: 104 | AC67: 469.44007 | AD67: 104 | AE67: 459.37162 | AH67: =IF(AND(E67=0,U67=0),"ok 0",(E67/U67-1)*100) -> -13.327128 | AI67: =IF(AND(F67=0,V67=0),"ok 0",(F67/V67-1)*100) -> -5.9916736 | AJ67: =IF(AND(G67=0,W67=0),"ok 0",(G67/W67-1)*100) -> -15.800675 | AK67: =IF(AND(H67=0,X67=0),"ok 0",(H67/X67-1)*100) -> -15.858662 | AL67: =IF(AND(I67=0,Y67=0),"ok 0",(I67/Y67-1)*100) -> -11.305534 | AM67: =IF(AND(J67=0,Z67=0),"ok 0",(J67/Z67-1)*100) -> -7.6861885 | AN67: révision tendances 2025
A68: Utilisation du territoire | B68: Usage des terres | C68: Autres cultures pérennes | D68: kha | E68: =SUMIFS(ADEME!$F:$F,ADEME!$A:$A,$A68,ADEME!$B:$B,$B68,ADEME!$C:$C,$C68,ADEME!$D:$D,$D68,ADEME!$E:$E,F$9) -> 42.2584 | F68: =SUMIFS(ADEME!$L:$L,ADEME!$A:$A,$A68,ADEME!$B:$B,$B68,ADEME!$C:$C,$C68,ADEME!$D:$D,$D68,ADEME!$E:$E,F$9) -> 42.000844 | G68: =SUMIFS(ADEME!$L:$L,ADEME!$A:$A,$A68,ADEME!$B:$B,$B68,ADEME!$C:$C,$C68,ADEME!$D:$D,$D68,ADEME!$E:$E,G$9) -> 544.91506 | H68: =SUMIFS(ADEME!$L:$L,ADEME!$A:$A,$A68,ADEME!$B:$B,$B68,ADEME!$C:$C,$C68,ADEME!$D:$D,$D68,ADEME!$E:$E,H$9) -> 528.33176 | I68: =SUMIFS(ADEME!$L:$L,ADEME!$A:$A,$A68,ADEME!$B:$B,$B68,ADEME!$C:$C,$C68,ADEME!$D:$D,$D68,ADEME!$E:$E,I$9) -> 1182.4583 | J68: =SUMIFS(ADEME!$L:$L,ADEME!$A:$A,$A68,ADEME!$B:$B,$B68,ADEME!$C:$C,$C68,ADEME!$D:$D,$D68,ADEME!$E:$E,J$9) -> 41.799873 | L68: =A68&"-"&B68&"-"&C68 -> Utilisation du territoire-Usage des terres-Autres cultures pérennes | M68: =MATCH(L68,[6]RESULTATS_4!$W:$W,FALSE) -> 584 | N68: {=IFERROR(INDEX([6]RESULTATS_4!G:G,$M68),"-")} -> Utilisation du territoire | O68: {=IFERROR(INDEX([6]RESULTATS_4!H:H,$M68),"-")} -> Usage des terres | P68: {=IFERROR(INDEX([6]RESULTATS_4!I:I,$M68),"-")} -> Autres cultures pérennes | Q68: {=IFERROR(INDEX([6]RESULTATS_4!$J:$J,M68),"-")} -> kha | S68: =C68&"-"&D68 -> Autres cultures pérennes-kha | T68: =MATCH(S68,[2]S0!$R:$R,FALSE) -> #N/A | U68: 38.8345 | V68: 35.586093 | W68: 557.38142 | X68: 540.79117 | Y68: 1152.4803 | Z68: 36.065821 | AB68: non | AC68: non | AD68: non | AE68: non | AH68: =IF(AND(E68=0,U68=0),"ok 0",(E68/U68-1)*100) -> 8.816645 | AI68: =IF(AND(F68=0,V68=0),"ok 0",(F68/V68-1)*100) -> 18.026004 | AJ68: =IF(AND(G68=0,W68=0),"ok 0",(G68/W68-1)*100) -> -2.2365947 | AK68: =IF(AND(H68=0,X68=0),"ok 0",(H68/X68-1)*100) -> -2.303923 | AL68: =IF(AND(I68=0,Y68=0),"ok 0",(I68/Y68-1)*100) -> 2.6011688 | AM68: =IF(AND(J68=0,Z68=0),"ok 0",(J68/Z68-1)*100) -> 15.898854 | AN68: révision tendances 2025
A69: Utilisation du territoire | B69: Usage des terres | C69: Cultures fruitières | D69: kha | E69: =SUMIFS(ADEME!$F:$F,ADEME!$A:$A,$A69,ADEME!$B:$B,$B69,ADEME!$C:$C,$C69,ADEME!$D:$D,$D69,ADEME!$E:$E,F$9) -> 177.599 | F69: =SUMIFS(ADEME!$L:$L,ADEME!$A:$A,$A69,ADEME!$B:$B,$B69,ADEME!$C:$C,$C69,ADEME!$D:$D,$D69,ADEME!$E:$E,F$9) -> 195.51452 | G69: =SUMIFS(ADEME!$L:$L,ADEME!$A:$A,$A69,ADEME!$B:$B,$B69,ADEME!$C:$C,$C69,ADEME!$D:$D,$D69,ADEME!$E:$E,G$9) -> 402.65945 | H69: =SUMIFS(ADEME!$L:$L,ADEME!$A:$A,$A69,ADEME!$B:$B,$B69,ADEME!$C:$C,$C69,ADEME!$D:$D,$D69,ADEME!$E:$E,H$9) -> 378.21479 | I69: =SUMIFS(ADEME!$L:$L,ADEME!$A:$A,$A69,ADEME!$B:$B,$B69,ADEME!$C:$C,$C69,ADEME!$D:$D,$D69,ADEME!$E:$E,I$9) -> 273.09526 | J69: =SUMIFS(ADEME!$L:$L,ADEME!$A:$A,$A69,ADEME!$B:$B,$B69,ADEME!$C:$C,$C69,ADEME!$D:$D,$D69,ADEME!$E:$E,J$9) -> 219.07138 | L69: =A69&"-"&B69&"-"&C69 -> Utilisation du territoire-Usage des terres-Cultures fruitières | M69: =MATCH(L69,[6]RESULTATS_4!$W:$W,FALSE) -> 588 | N69: {=IFERROR(INDEX([6]RESULTATS_4!G:G,$M69),"-")} -> Utilisation du territoire | O69: {=IFERROR(INDEX([6]RESULTATS_4!H:H,$M69),"-")} -> Usage des terres | P69: {=IFERROR(INDEX([6]RESULTATS_4!I:I,$M69),"-")} -> Cultures fruitières | Q69: {=IFERROR(INDEX([6]RESULTATS_4!$J:$J,M69),"-")} -> kha | S69: =C69&"-"&D69 -> Cultures fruitières-kha | T69: =MATCH(S69,[2]S0!$R:$R,FALSE) -> #N/A | U69: 161.32525 | V69: 145.57834 | W69: 403.46765 | X69: 357.82506 | Y69: 242.41677 | Z69: 185.27083 | AB69: non | AC69: non | AD69: non | AE69: non | AH69: =IF(AND(E69=0,U69=0),"ok 0",(E69/U69-1)*100) -> 10.087541 | AI69: =IF(AND(F69=0,V69=0),"ok 0",(F69/V69-1)*100) -> 34.301928 | AJ69: =IF(AND(G69=0,W69=0),"ok 0",(G69/W69-1)*100) -> -0.20031341 | AK69: =IF(AND(H69=0,X69=0),"ok 0",(H69/X69-1)*100) -> 5.6982417 | AL69: =IF(AND(I69=0,Y69=0),"ok 0",(I69/Y69-1)*100) -> 12.655268 | AM69: =IF(AND(J69=0,Z69=0),"ok 0",(J69/Z69-1)*100) -> 18.243863 | AN69: révision tendances 2025
A70: Utilisation du territoire | B70: Usage des terres | C70: Vignes | D70: kha | E70: =SUMIFS(ADEME!$F:$F,ADEME!$A:$A,$A70,ADEME!$B:$B,$B70,ADEME!$C:$C,$C70,ADEME!$D:$D,$D70,ADEME!$E:$E,F$9) -> 795.5458 | F70: =SUMIFS(ADEME!$L:$L,ADEME!$A:$A,$A70,ADEME!$B:$B,$B70,ADEME!$C:$C,$C70,ADEME!$D:$D,$D70,ADEME!$E:$E,F$9) -> 767.91265 | G70: =SUMIFS(ADEME!$L:$L,ADEME!$A:$A,$A70,ADEME!$B:$B,$B70,ADEME!$C:$C,$C70,ADEME!$D:$D,$D70,ADEME!$E:$E,G$9) -> 569.7173 | H70: =SUMIFS(ADEME!$L:$L,ADEME!$A:$A,$A70,ADEME!$B:$B,$B70,ADEME!$C:$C,$C70,ADEME!$D:$D,$D70,ADEME!$E:$E,H$9) -> 629.28444 | I70: =SUMIFS(ADEME!$L:$L,ADEME!$A:$A,$A70,ADEME!$B:$B,$B70,ADEME!$C:$C,$C70,ADEME!$D:$D,$D70,ADEME!$E:$E,I$9) -> 600.11616 | J70: =SUMIFS(ADEME!$L:$L,ADEME!$A:$A,$A70,ADEME!$B:$B,$B70,ADEME!$C:$C,$C70,ADEME!$D:$D,$D70,ADEME!$E:$E,J$9) -> 789.73133 | L70: =A70&"-"&B70&"-"&C70 -> Utilisation du territoire-Usage des terres-Vignes | M70: =MATCH(L70,[6]RESULTATS_4!$W:$W,FALSE) -> 601 | N70: {=IFERROR(INDEX([6]RESULTATS_4!G:G,$M70),"-")} -> Utilisation du territoire | O70: {=IFERROR(INDEX([6]RESULTATS_4!H:H,$M70),"-")} -> Usage des terres | P70: {=IFERROR(INDEX([6]RESULTATS_4!I:I,$M70),"-")} -> Vignes | Q70: {=IFERROR(INDEX([6]RESULTATS_4!$J:$J,M70),"-")} -> kha | S70: =C70&"-"&D70 -> Vignes-kha | T70: =MATCH(S70,[2]S0!$R:$R,FALSE) -> #N/A | U70: 787.64375 | V70: 565.61162 | W70: 569.74851 | X70: 631.29565 | Y70: 575.94963 | Z70: 733.79843 | AB70: 101 | AC70: 751.53372 | AD70: 101 | AE70: 755.57622 | AH70: =IF(AND(E70=0,U70=0),"ok 0",(E70/U70-1)*100) -> 1.0032518 | AI70: =IF(AND(F70=0,V70=0),"ok 0",(F70/V70-1)*100) -> 35.766775 | AJ70: =IF(AND(G70=0,W70=0),"ok 0",(G70/W70-1)*100) -> -0.0054771387 | AK70: =IF(AND(H70=0,X70=0),"ok 0",(H70/X70-1)*100) -> -0.31858538 | AL70: =IF(AND(I70=0,Y70=0),"ok 0",(I70/Y70-1)*100) -> 4.195945 | AM70: =IF(AND(J70=0,Z70=0),"ok 0",(J70/Z70-1)*100) -> 7.6223789 | AN70: révision tendances 2025
A71: Utilisation du territoire | B71: Usage des terres | C71: Prairies naturelles | D71: kha | E71: =SUMIFS(ADEME!$F:$F,ADEME!$A:$A,$A71,ADEME!$B:$B,$B71,ADEME!$C:$C,$C71,ADEME!$D:$D,$D71,ADEME!$E:$E,F$9) -> 10355.723 | F71: =SUMIFS(ADEME!$L:$L,ADEME!$A:$A,$A71,ADEME!$B:$B,$B71,ADEME!$C:$C,$C71,ADEME!$D:$D,$D71,ADEME!$E:$E,F$9) -> 9324.3602 | G71: =SUMIFS(ADEME!$L:$L,ADEME!$A:$A,$A71,ADEME!$B:$B,$B71,ADEME!$C:$C,$C71,ADEME!$D:$D,$D71,ADEME!$E:$E,G$9) -> 8783.0526 | H71: =SUMIFS(ADEME!$L:$L,ADEME!$A:$A,$A71,ADEME!$B:$B,$B71,ADEME!$C:$C,$C71,ADEME!$D:$D,$D71,ADEME!$E:$E,H$9) -> 8929.7428 | I71: =SUMIFS(ADEME!$L:$L,ADEME!$A:$A,$A71,ADEME!$B:$B,$B71,ADEME!$C:$C,$C71,ADEME!$D:$D,$D71,ADEME!$E:$E,I$9) -> 9367.1002 | J71: =SUMIFS(ADEME!$L:$L,ADEME!$A:$A,$A71,ADEME!$B:$B,$B71,ADEME!$C:$C,$C71,ADEME!$D:$D,$D71,ADEME!$E:$E,J$9) -> 9458.2813 | L71: =A71&"-"&B71&"-"&C71 -> Utilisation du territoire-Usage des terres-Prairies naturelles | M71: =MATCH(L71,[6]RESULTATS_4!$W:$W,FALSE) -> 597 | N71: {=IFERROR(INDEX([6]RESULTATS_4!G:G,$M71),"-")} -> Utilisation du territoire | O71: {=IFERROR(INDEX([6]RESULTATS_4!H:H,$M71),"-")} -> Usage des terres | P71: {=IFERROR(INDEX([6]RESULTATS_4!I:I,$M71),"-")} -> Prairies naturelles | Q71: {=IFERROR(INDEX([6]RESULTATS_4!$J:$J,M71),"-")} -> kha | S71: =C71&"-"&D71 -> Prairies naturelles-kha | T71: =MATCH(S71,[2]S0!$R:$R,FALSE) -> #N/A | U71: 9317.3857 | V71: 8020.901 | W71: 8419.3092 | X71: 8496.9325 | Y71: 8235.7938 | Z71: 8126.7071 | AB71: 63 | AC71: 8594.0902 | AD71: 63 | AE71: 9080.3135 | AH71: =IF(AND(E71=0,U71=0),"ok 0",(E71/U71-1)*100) -> 11.144088 | AI71: =IF(AND(F71=0,V71=0),"ok 0",(F71/V71-1)*100) -> 16.250783 | AJ71: =IF(AND(G71=0,W71=0),"ok 0",(G71/W71-1)*100) -> 4.3203462 | AK71: =IF(AND(H71=0,X71=0),"ok 0",(H71/X71-1)*100) -> 5.0937239 | AL71: =IF(AND(I71=0,Y71=0),"ok 0",(I71/Y71-1)*100) -> 13.736458 | AM71: =IF(AND(J71=0,Z71=0),"ok 0",(J71/Z71-1)*100) -> 16.385163 | AN71: révision tendances 2025
A72: Utilisation du territoire | B72: Usage des terres | C72: Cultures fourragères | D72: kha | E72: =SUMIFS(ADEME!$F:$F,ADEME!$A:$A,$A72,ADEME!$B:$B,$B72,ADEME!$C:$C,$C72,ADEME!$D:$D,$D72,ADEME!$E:$E,F$9) -> 4096.5272 | F72: =SUMIFS(ADEME!$L:$L,ADEME!$A:$A,$A72,ADEME!$B:$B,$B72,ADEME!$C:$C,$C72,ADEME!$D:$D,$D72,ADEME!$E:$E,F$9) -> 4986.9572 | G72: =SUMIFS(ADEME!$L:$L,ADEME!$A:$A,$A72,ADEME!$B:$B,$B72,ADEME!$C:$C,$C72,ADEME!$D:$D,$D72,ADEME!$E:$E,G$9) -> 1386.6199 | H72: =SUMIFS(ADEME!$L:$L,ADEME!$A:$A,$A72,ADEME!$B:$B,$B72,ADEME!$C:$C,$C72,ADEME!$D:$D,$D72,ADEME!$E:$E,H$9) -> 3135.226 | I72: =SUMIFS(ADEME!$L:$L,ADEME!$A:$A,$A72,ADEME!$B:$B,$B72,ADEME!$C:$C,$C72,ADEME!$D:$D,$D72,ADEME!$E:$E,I$9) -> 3966.5946 | J72: =SUMIFS(ADEME!$L:$L,ADEME!$A:$A,$A72,ADEME!$B:$B,$B72,ADEME!$C:$C,$C72,ADEME!$D:$D,$D72,ADEME!$E:$E,J$9) -> 3733.6389 | L72: =A72&"-"&B72&"-"&C72 -> Utilisation du territoire-Usage des terres-Cultures fourragères | M72: =MATCH(L72,[6]RESULTATS_4!$W:$W,FALSE) -> 587 | N72: {=IFERROR(INDEX([6]RESULTATS_4!G:G,$M72),"-")} -> Utilisation du territoire | O72: {=IFERROR(INDEX([6]RESULTATS_4!H:H,$M72),"-")} -> Usage des terres | P72: {=IFERROR(INDEX([6]RESULTATS_4!I:I,$M72),"-")} -> Cultures fourragères | Q72: {=IFERROR(INDEX([6]RESULTATS_4!$J:$J,M72),"-")} -> kha | S72: =C72&"-"&D72 -> Cultures fourragères-kha | T72: =MATCH(S72,[2]S0!$R:$R,FALSE) -> #N/A | U72: 4851.7045 | V72: 3555.5857 | W72: 1412.246 | X72: 2864.8606 | Y72: 4121.5397 | Z72: 4122.9093 | AB72: 62 | AC72: 3397.4822 | AD72: 62 | AE72: 4496.7908 | AH72: =IF(AND(E72=0,U72=0),"ok 0",(E72/U72-1)*100) -> -15.565196 | AI72: =IF(AND(F72=0,V72=0),"ok 0",(F72/V72-1)*100) -> 40.256981 | AJ72: =IF(AND(G72=0,W72=0),"ok 0",(G72/W72-1)*100) -> -1.8145667 | AK72: =IF(AND(H72=0,X72=0),"ok 0",(H72/X72-1)*100) -> 9.4372954 | AL72: =IF(AND(I72=0,Y72=0),"ok 0",(I72/Y72-1)*100) -> -3.7593979 | AM72: =IF(AND(J72=0,Z72=0),"ok 0",(J72/Z72-1)*100) -> -9.4416431 | AN72: révision tendances 2025
A73: Utilisation du territoire | B73: Usage des terres | C73: Céréales oléoprotéagineux | D73: kha | E73: =SUMIFS(ADEME!$F:$F,ADEME!$A:$A,$A73,ADEME!$B:$B,$B73,ADEME!$C:$C,$C73,ADEME!$D:$D,$D73,ADEME!$E:$E,F$9) -> 11495.764 | F73: =SUMIFS(ADEME!$L:$L,ADEME!$A:$A,$A73,ADEME!$B:$B,$B73,ADEME!$C:$C,$C73,ADEME!$D:$D,$D73,ADEME!$E:$E,F$9) -> 9879.9901 | G73: =SUMIFS(ADEME!$L:$L,ADEME!$A:$A,$A73,ADEME!$B:$B,$B73,ADEME!$C:$C,$C73,ADEME!$D:$D,$D73,ADEME!$E:$E,G$9) -> 11644.213 | H73: =SUMIFS(ADEME!$L:$L,ADEME!$A:$A,$A73,ADEME!$B:$B,$B73,ADEME!$C:$C,$C73,ADEME!$D:$D,$D73,ADEME!$E:$E,H$9) -> 11801.688 | I73: =SUMIFS(ADEME!$L:$L,ADEME!$A:$A,$A73,ADEME!$B:$B,$B73,ADEME!$C:$C,$C73,ADEME!$D:$D,$D73,ADEME!$E:$E,I$9) -> 10074.962 | J73: =SUMIFS(ADEME!$L:$L,ADEME!$A:$A,$A73,ADEME!$B:$B,$B73,ADEME!$C:$C,$C73,ADEME!$D:$D,$D73,ADEME!$E:$E,J$9) -> 11719.871 | L73: =A73&"-"&B73&"-"&C73 -> Utilisation du territoire-Usage des terres-Céréales oléoprotéagineux | M73: =MATCH(L73,[6]RESULTATS_4!$W:$W,FALSE) -> 586 | N73: {=IFERROR(INDEX([6]RESULTATS_4!G:G,$M73),"-")} -> Utilisation du territoire | O73: {=IFERROR(INDEX([6]RESULTATS_4!H:H,$M73),"-")} -> Usage des terres | P73: {=IFERROR(INDEX([6]RESULTATS_4!I:I,$M73),"-")} -> Céréales oléoprotéagineux | Q73: {=IFERROR(INDEX([6]RESULTATS_4!$J:$J,M73),"-")} -> kha | S73: =C73&"-"&D73 -> Céréales oléoprotéagineux-kha | T73: =MATCH(S73,[2]S0!$R:$R,FALSE) -> #N/A | U73: 11915 | V73: 10459.876 | W73: 12452.313 | X73: 12695.044 | Y73: 10206.522 | Z73: 11397.85 | AB73: 60 | AC73: 12039.318 | AD73: 60 | AE73: 11607.526 | AH73: =IF(AND(E73=0,U73=0),"ok 0",(E73/U73-1)*100) -> -3.5185544 | AI73: =IF(AND(F73=0,V73=0),"ok 0",(F73/V73-1)*100) -> -5.543911 | AJ73: =IF(AND(G73=0,W73=0),"ok 0",(G73/W73-1)*100) -> -6.489559 | AK73: =IF(AND(H73=0,X73=0),"ok 0",(H73/X73-1)*100) -> -7.0370442 | AL73: =IF(AND(I73=0,Y73=0),"ok 0",(I73/Y73-1)*100) -> -1.2889789 | AM73: =IF(AND(J73=0,Z73=0),"ok 0",(J73/Z73-1)*100) -> 2.8252737 | AN73: révision tendances 2025
A74: Utilisation du territoire | B74: Usage des terres | C74: Cultures maraichères et jardins | D74: kha | E74: =SUMIFS(ADEME!$F:$F,ADEME!$A:$A,$A74,ADEME!$B:$B,$B74,ADEME!$C:$C,$C74,ADEME!$D:$D,$D74,ADEME!$E:$E,F$9) -> 431.8676 | F74: =SUMIFS(ADEME!$L:$L,ADEME!$A:$A,$A74,ADEME!$B:$B,$B74,ADEME!$C:$C,$C74,ADEME!$D:$D,$D74,ADEME!$E:$E,F$9) -> 733.37502 | G74: =SUMIFS(ADEME!$L:$L,ADEME!$A:$A,$A74,ADEME!$B:$B,$B74,ADEME!$C:$C,$C74,ADEME!$D:$D,$D74,ADEME!$E:$E,G$9) -> 719.64573 | H74: =SUMIFS(ADEME!$L:$L,ADEME!$A:$A,$A74,ADEME!$B:$B,$B74,ADEME!$C:$C,$C74,ADEME!$D:$D,$D74,ADEME!$E:$E,H$9) -> 1024.6393 | I74: =SUMIFS(ADEME!$L:$L,ADEME!$A:$A,$A74,ADEME!$B:$B,$B74,ADEME!$C:$C,$C74,ADEME!$D:$D,$D74,ADEME!$E:$E,I$9) -> 519.31145 | J74: =SUMIFS(ADEME!$L:$L,ADEME!$A:$A,$A74,ADEME!$B:$B,$B74,ADEME!$C:$C,$C74,ADEME!$D:$D,$D74,ADEME!$E:$E,J$9) -> 418.82991 | L74: =A74&"-"&B74&"-"&C74 -> Utilisation du territoire-Usage des terres-Cultures maraichères et jardins | M74: =MATCH(L74,[6]RESULTATS_4!$W:$W,FALSE) -> 590 | N74: {=IFERROR(INDEX([6]RESULTATS_4!G:G,$M74),"-")} -> Utilisation du territoire | O74: {=IFERROR(INDEX([6]RESULTATS_4!H:H,$M74),"-")} -> Usage des terres | P74: {=IFERROR(INDEX([6]RESULTATS_4!I:I,$M74),"-")} -> Cultures maraichères et jardins | Q74: {=IFERROR(INDEX([6]RESULTATS_4!$J:$J,M74),"-")} -> kha | S74: =C74&"-"&D74 -> Cultures maraichères et jardins-kha | T74: =MATCH(S74,[2]S0!$R:$R,FALSE) -> #N/A | U74: 445.25225 | V74: 473.35076 | W74: 726.10609 | X74: 1048.7961 | Y74: 503.21491 | Z74: 407.64037 | AB74: non | AC74: non | AD74: non | AE74: non | AH74: =IF(AND(E74=0,U74=0),"ok 0",(E74/U74-1)*100) -> -3.0060825 | AI74: =IF(AND(F74=0,V74=0),"ok 0",(F74/V74-1)*100) -> 54.932681 | AJ74: =IF(AND(G74=0,W74=0),"ok 0",(G74/W74-1)*100) -> -0.88972603 | AK74: =IF(AND(H74=0,X74=0),"ok 0",(H74/X74-1)*100) -> -2.3032953 | AL74: =IF(AND(I74=0,Y74=0),"ok 0",(I74/Y74-1)*100) -> 3.1987404 | AM74: =IF(AND(J74=0,Z74=0),"ok 0",(J74/Z74-1)*100) -> 2.7449541 | AN74: révision tendances 2025
A75: Utilisation du territoire | B75: Usage des terres | C75: Cultures industrielles | D75: kha | E75: =SUMIFS(ADEME!$F:$F,ADEME!$A:$A,$A75,ADEME!$B:$B,$B75,ADEME!$C:$C,$C75,ADEME!$D:$D,$D75,ADEME!$E:$E,F$9) -> 843.6152 | F75: =SUMIFS(ADEME!$L:$L,ADEME!$A:$A,$A75,ADEME!$B:$B,$B75,ADEME!$C:$C,$C75,ADEME!$D:$D,$D75,ADEME!$E:$E,F$9) -> 1318.0935 | G75: =SUMIFS(ADEME!$L:$L,ADEME!$A:$A,$A75,ADEME!$B:$B,$B75,ADEME!$C:$C,$C75,ADEME!$D:$D,$D75,ADEME!$E:$E,G$9) -> 635.81238 | H75: =SUMIFS(ADEME!$L:$L,ADEME!$A:$A,$A75,ADEME!$B:$B,$B75,ADEME!$C:$C,$C75,ADEME!$D:$D,$D75,ADEME!$E:$E,H$9) -> 657.56035 | I75: =SUMIFS(ADEME!$L:$L,ADEME!$A:$A,$A75,ADEME!$B:$B,$B75,ADEME!$C:$C,$C75,ADEME!$D:$D,$D75,ADEME!$E:$E,I$9) -> 686.7705 | J75: =SUMIFS(ADEME!$L:$L,ADEME!$A:$A,$A75,ADEME!$B:$B,$B75,ADEME!$C:$C,$C75,ADEME!$D:$D,$D75,ADEME!$E:$E,J$9) -> 709.29229 | L75: =A75&"-"&B75&"-"&C75 -> Utilisation du territoire-Usage des terres-Cultures industrielles | M75: =MATCH(L75,[6]RESULTATS_4!$W:$W,FALSE) -> 589 | N75: {=IFERROR(INDEX([6]RESULTATS_4!G:G,$M75),"-")} -> Utilisation du territoire | O75: {=IFERROR(INDEX([6]RESULTATS_4!H:H,$M75),"-")} -> Usage des terres | P75: {=IFERROR(INDEX([6]RESULTATS_4!I:I,$M75),"-")} -> Cultures industrielles | Q75: {=IFERROR(INDEX([6]RESULTATS_4!$J:$J,M75),"-")} -> kha | S75: =C75&"-"&D75 -> Cultures industrielles-kha | T75: =MATCH(S75,[2]S0!$R:$R,FALSE) -> #N/A | U75: 785.29975 | V75: 677.66287 | W75: 609.24871 | X75: 630.5223 | Y75: 624.72568 | Z75: 619.91595 | AB75: 90 | AC75: 686.65473 | AD75: 90 | AE75: 699.18234 | AH75: =IF(AND(E75=0,U75=0),"ok 0",(E75/U75-1)*100) -> 7.4258842 | AI75: =IF(AND(F75=0,V75=0),"ok 0",(F75/V75-1)*100) -> 94.505795 | AJ75: =IF(AND(G75=0,W75=0),"ok 0",(G75/W75-1)*100) -> 4.3600693 | AK75: =IF(AND(H75=0,X75=0),"ok 0",(H75/X75-1)*100) -> 4.2881979 | AL75: =IF(AND(I75=0,Y75=0),"ok 0",(I75/Y75-1)*100) -> 9.9315297 | AM75: =IF(AND(J75=0,Z75=0),"ok 0",(J75/Z75-1)*100) -> 14.417494 | AN75: révision tendances 2025
A76: Utilisation du territoire | B76: Usage des terres | C76: Espaces artificialisés | D76: kha | E76: =SUMIFS(ADEME!$F:$F,ADEME!$A:$A,$A76,ADEME!$B:$B,$B76,ADEME!$C:$C,$C76,ADEME!$D:$D,$D76,ADEME!$E:$E,F$9) -> 5136.8654 | F76: =SUMIFS(ADEME!$L:$L,ADEME!$A:$A,$A76,ADEME!$B:$B,$B76,ADEME!$C:$C,$C76,ADEME!$D:$D,$D76,ADEME!$E:$E,F$9) -> 5858.1544 | G76: =SUMIFS(ADEME!$L:$L,ADEME!$A:$A,$A76,ADEME!$B:$B,$B76,ADEME!$C:$C,$C76,ADEME!$D:$D,$D76,ADEME!$E:$E,G$9) -> 5436.5078 | H76: =SUMIFS(ADEME!$L:$L,ADEME!$A:$A,$A76,ADEME!$B:$B,$B76,ADEME!$C:$C,$C76,ADEME!$D:$D,$D76,ADEME!$E:$E,H$9) -> 5553.6318 | I76: =SUMIFS(ADEME!$L:$L,ADEME!$A:$A,$A76,ADEME!$B:$B,$B76,ADEME!$C:$C,$C76,ADEME!$D:$D,$D76,ADEME!$E:$E,I$9) -> 5856.2023 | J76: =SUMIFS(ADEME!$L:$L,ADEME!$A:$A,$A76,ADEME!$B:$B,$B76,ADEME!$C:$C,$C76,ADEME!$D:$D,$D76,ADEME!$E:$E,J$9) -> 6011.3916 | L76: =A76&"-"&B76&"-"&C76 -> Utilisation du territoire-Usage des terres-Espaces artificialisés | M76: =MATCH(L76,[6]RESULTATS_4!$W:$W,FALSE) -> 594 | N76: {=IFERROR(INDEX([6]RESULTATS_4!G:G,$M76),"-")} -> Utilisation du territoire | O76: {=IFERROR(INDEX([6]RESULTATS_4!H:H,$M76),"-")} -> Usage des terres | P76: {=IFERROR(INDEX([6]RESULTATS_4!I:I,$M76),"-")} -> Espaces artificialisés | Q76: {=IFERROR(INDEX([6]RESULTATS_4!$J:$J,M76),"-")} -> kha | S76: =C76&"-"&D76 -> Espaces artificialisés-kha | T76: =MATCH(S76,[2]S0!$R:$R,FALSE) -> #N/A | U76: 5263.3122 | V76: 7368.6371 | W76: 5060.8772 | X76: 5566.9649 | Y76: 6073.0526 | Z76: 7085.228 | AB76: non | AC76: non | AD76: non | AE76: non | AH76: =IF(AND(E76=0,U76=0),"ok 0",(E76/U76-1)*100) -> -2.4024189 | AI76: =IF(AND(F76=0,V76=0),"ok 0",(F76/V76-1)*100) -> -20.498808 | AJ76: =IF(AND(G76=0,W76=0),"ok 0",(G76/W76-1)*100) -> 7.4222435 | AK76: =IF(AND(H76=0,X76=0),"ok 0",(H76/X76-1)*100) -> -0.23950292 | AL76: =IF(AND(I76=0,Y76=0),"ok 0",(I76/Y76-1)*100) -> -3.570697 | AM76: =IF(AND(J76=0,Z76=0),"ok 0",(J76/Z76-1)*100) -> -15.155989 | AN76: révision tendances 2025
A77: Utilisation du territoire | B77: Usage des terres | C77: Ecart | D77: kha | E77: =SUMIFS(ADEME!$F:$F,ADEME!$A:$A,$A77,ADEME!$B:$B,$B77,ADEME!$C:$C,$C77,ADEME!$D:$D,$D77,ADEME!$E:$E,F$9) -> -91.47074 | F77: =SUMIFS(ADEME!$L:$L,ADEME!$A:$A,$A77,ADEME!$B:$B,$B77,ADEME!$C:$C,$C77,ADEME!$D:$D,$D77,ADEME!$E:$E,F$9) -> -92.196844 | G77: =SUMIFS(ADEME!$L:$L,ADEME!$A:$A,$A77,ADEME!$B:$B,$B77,ADEME!$C:$C,$C77,ADEME!$D:$D,$D77,ADEME!$E:$E,G$9) -> -99.110498 | H77: =SUMIFS(ADEME!$L:$L,ADEME!$A:$A,$A77,ADEME!$B:$B,$B77,ADEME!$C:$C,$C77,ADEME!$D:$D,$D77,ADEME!$E:$E,H$9) -> -96.819857 | I77: =SUMIFS(ADEME!$L:$L,ADEME!$A:$A,$A77,ADEME!$B:$B,$B77,ADEME!$C:$C,$C77,ADEME!$D:$D,$D77,ADEME!$E:$E,I$9) -> -94.258442 | J77: =SUMIFS(ADEME!$L:$L,ADEME!$A:$A,$A77,ADEME!$B:$B,$B77,ADEME!$C:$C,$C77,ADEME!$D:$D,$D77,ADEME!$E:$E,J$9) -> -89.36785 | L77: =A77&"-"&B77&"-"&C77 -> Utilisation du territoire-Usage des terres-Ecart | M77: =MATCH(L77,[6]RESULTATS_4!$W:$W,FALSE) -> 592 | N77: {=IFERROR(INDEX([6]RESULTATS_4!G:G,$M77),"-")} -> Utilisation du territoire | O77: {=IFERROR(INDEX([6]RESULTATS_4!H:H,$M77),"-")} -> Usage des terres | P77: {=IFERROR(INDEX([6]RESULTATS_4!I:I,$M77),"-")} -> Ecart | Q77: {=IFERROR(INDEX([6]RESULTATS_4!$J:$J,M77),"-")} -> kha | S77: =C77&"-"&D77 -> Ecart-kha | T77: =MATCH(S77,[2]S0!$R:$R,FALSE) -> #N/A | U77: -76.91325 | V77: 655.27423 | W77: -76.91325 | X77: -108.142 | Y77: 835.73543 | Z77: 699.02732 | AB77: non | AC77: non | AD77: non | AE77: non | AH77: =IF(AND(E77=0,U77=0),"ok 0",(E77/U77-1)*100) -> 18.927155 | AI77: =IF(AND(F77=0,V77=0),"ok 0",(F77/V77-1)*100) -> -114.06996 | AJ77: =IF(AND(G77=0,W77=0),"ok 0",(G77/W77-1)*100) -> 28.86011 | AK77: =IF(AND(H77=0,X77=0),"ok 0",(H77/X77-1)*100) -> -10.4697 | AL77: =IF(AND(I77=0,Y77=0),"ok 0",(I77/Y77-1)*100) -> -111.2785 | AM77: =IF(AND(J77=0,Z77=0),"ok 0",(J77/Z77-1)*100) -> -112.7846 | AN77: correction erreur v2021
A78: Utilisation du territoire | B78: Usage des terres | C78: Surface totale du territoire | D78: kha | E78: =SUMIFS(ADEME!$F:$F,ADEME!$A:$A,$A78,ADEME!$B:$B,$B78,ADEME!$C:$C,$C78,ADEME!$D:$D,$D78,ADEME!$E:$E,F$9) -> 54908.737 | F78: =SUMIFS(ADEME!$L:$L,ADEME!$A:$A,$A78,ADEME!$B:$B,$B78,ADEME!$C:$C,$C78,ADEME!$D:$D,$D78,ADEME!$E:$E,F$9) -> 54908.737 | G78: =SUMIFS(ADEME!$L:$L,ADEME!$A:$A,$A78,ADEME!$B:$B,$B78,ADEME!$C:$C,$C78,ADEME!$D:$D,$D78,ADEME!$E:$E,G$9) -> 54908.737 | H78: =SUMIFS(ADEME!$L:$L,ADEME!$A:$A,$A78,ADEME!$B:$B,$B78,ADEME!$C:$C,$C78,ADEME!$D:$D,$D78,ADEME!$E:$E,H$9) -> 54908.737 | I78: =SUMIFS(ADEME!$L:$L,ADEME!$A:$A,$A78,ADEME!$B:$B,$B78,ADEME!$C:$C,$C78,ADEME!$D:$D,$D78,ADEME!$E:$E,I$9) -> 54908.737 | J78: =SUMIFS(ADEME!$L:$L,ADEME!$A:$A,$A78,ADEME!$B:$B,$B78,ADEME!$C:$C,$C78,ADEME!$D:$D,$D78,ADEME!$E:$E,J$9) -> 54908.737 | L78: =A78&"-"&B78&"-"&C78 -> Utilisation du territoire-Usage des terres-Surface totale du territoire | M78: =MATCH(L78,[6]RESULTATS_4!$W:$W,FALSE) -> 598 | N78: {=IFERROR(INDEX([6]RESULTATS_4!G:G,$M78),"-")} -> Utilisation du territoire | O78: {=IFERROR(INDEX([6]RESULTATS_4!H:H,$M78),"-")} -> Usage des terres | P78: {=IFERROR(INDEX([6]RESULTATS_4!I:I,$M78),"-")} -> Surface totale du territoire | Q78: {=IFERROR(INDEX([6]RESULTATS_4!$J:$J,M78),"-")} -> kha | S78: =C78&"-"&D78 -> Surface totale du territoire-kha | T78: =MATCH(S78,[2]S0!$R:$R,FALSE) -> #N/A | U78: 54908.687 | V78: 54908.687 | W78: 54908.687 | X78: 54908.687 | Y78: 54908.687 | Z78: 54908.687 | AB78: non | AC78: non | AD78: non | AE78: non | AH78: =IF(AND(E78=0,U78=0),"ok 0",(E78/U78-1)*100) -> 9.1515574e-05 | AI78: =IF(AND(F78=0,V78=0),"ok 0",(F78/V78-1)*100) -> 9.1515574e-05 | AJ78: =IF(AND(G78=0,W78=0),"ok 0",(G78/W78-1)*100) -> 9.1515574e-05 | AK78: =IF(AND(H78=0,X78=0),"ok 0",(H78/X78-1)*100) -> 9.1515574e-05 | AL78: =IF(AND(I78=0,Y78=0),"ok 0",(I78/Y78-1)*100) -> 9.1515574e-05 | AM78: =IF(AND(J78=0,Z78=0),"ok 0",(J78/Z78-1)*100) -> 9.1515574e-05 | AN78: révision tendances 2025
A79: Utilisation du territoire | B79: Usage des terres | C79: Total Surface Agricole Utile | D79: kha | E79: =SUMIFS(ADEME!$F:$F,ADEME!$A:$A,$A79,ADEME!$B:$B,$B79,ADEME!$C:$C,$C79,ADEME!$D:$D,$D79,ADEME!$E:$E,F$9) -> 28650.686 | F79: =SUMIFS(ADEME!$L:$L,ADEME!$A:$A,$A79,ADEME!$B:$B,$B79,ADEME!$C:$C,$C79,ADEME!$D:$D,$D79,ADEME!$E:$E,F$9) -> 27657.48 | G79: =SUMIFS(ADEME!$L:$L,ADEME!$A:$A,$A79,ADEME!$B:$B,$B79,ADEME!$C:$C,$C79,ADEME!$D:$D,$D79,ADEME!$E:$E,G$9) -> 25100.439 | H79: =SUMIFS(ADEME!$L:$L,ADEME!$A:$A,$A79,ADEME!$B:$B,$B79,ADEME!$C:$C,$C79,ADEME!$D:$D,$D79,ADEME!$E:$E,H$9) -> 27485.898 | I79: =SUMIFS(ADEME!$L:$L,ADEME!$A:$A,$A79,ADEME!$B:$B,$B79,ADEME!$C:$C,$C79,ADEME!$D:$D,$D79,ADEME!$E:$E,I$9) -> 27042.882 | J79: =SUMIFS(ADEME!$L:$L,ADEME!$A:$A,$A79,ADEME!$B:$B,$B79,ADEME!$C:$C,$C79,ADEME!$D:$D,$D79,ADEME!$E:$E,J$9) -> 27497.833 | L79: =A79&"-"&B79&"-"&C79 -> Utilisation du territoire-Usage des terres-Total Surface Agricole Utile | M79: =MATCH(L79,[6]RESULTATS_4!$W:$W,FALSE) -> 600 | N79: {=IFERROR(INDEX([6]RESULTATS_4!G:G,$M79),"-")} -> Utilisation du territoire | O79: {=IFERROR(INDEX([6]RESULTATS_4!H:H,$M79),"-")} -> Usage des terres | P79: {=IFERROR(INDEX([6]RESULTATS_4!I:I,$M79),"-")} -> Total Surface Agricole Utile | Q79: {=IFERROR(INDEX([6]RESULTATS_4!$J:$J,M79),"-")} -> kha | S79: =C79&"-"&D79 -> Total Surface Agricole Utile-kha | T79: =MATCH(S79,[2]S0!$R:$R,FALSE) -> #N/A | U79: 28777.548 | V79: 24369.514 | W79: 25641.278 | X79: 27742.896 | Y79: 26082.594 | Z79: 26071.389 | AB79: 64 | AC79: 27206.94 | AD79: 64 | AE79: 27874.081 | AH79: =IF(AND(E79=0,U79=0),"ok 0",(E79/U79-1)*100) -> -0.44083828 | AI79: =IF(AND(F79=0,V79=0),"ok 0",(F79/V79-1)*100) -> 13.492128 | AJ79: =IF(AND(G79=0,W79=0),"ok 0",(G79/W79-1)*100) -> -2.1092514 | AK79: =IF(AND(H79=0,X79=0),"ok 0",(H79/X79-1)*100) -> -0.92635827 | AL79: =IF(AND(I79=0,Y79=0),"ok 0",(I79/Y79-1)*100) -> 3.6817196 | AM79: =IF(AND(J79=0,Z79=0),"ok 0",(J79/Z79-1)*100) -> 5.4712998 | AN79: révision tendances 2025
A80: Utilisation du territoire | B80: Usage des terres | C80: Terres arables | D80: kha | E80: =SUMIFS(ADEME!$F:$F,ADEME!$A:$A,$A80,ADEME!$B:$B,$B80,ADEME!$C:$C,$C80,ADEME!$D:$D,$D80,ADEME!$E:$E,F$9) -> 17175.053 | F80: =SUMIFS(ADEME!$L:$L,ADEME!$A:$A,$A80,ADEME!$B:$B,$B80,ADEME!$C:$C,$C80,ADEME!$D:$D,$D80,ADEME!$E:$E,F$9) -> 17223.822 | G80: =SUMIFS(ADEME!$L:$L,ADEME!$A:$A,$A80,ADEME!$B:$B,$B80,ADEME!$C:$C,$C80,ADEME!$D:$D,$D80,ADEME!$E:$E,G$9) -> 14695.076 | H80: =SUMIFS(ADEME!$L:$L,ADEME!$A:$A,$A80,ADEME!$B:$B,$B80,ADEME!$C:$C,$C80,ADEME!$D:$D,$D80,ADEME!$E:$E,H$9) -> 16918.502 | I80: =SUMIFS(ADEME!$L:$L,ADEME!$A:$A,$A80,ADEME!$B:$B,$B80,ADEME!$C:$C,$C80,ADEME!$D:$D,$D80,ADEME!$E:$E,I$9) -> 15525.583 | J80: =SUMIFS(ADEME!$L:$L,ADEME!$A:$A,$A80,ADEME!$B:$B,$B80,ADEME!$C:$C,$C80,ADEME!$D:$D,$D80,ADEME!$E:$E,J$9) -> 16885.577 | L80: =A80&"-"&B80&"-"&C80 -> Utilisation du territoire-Usage des terres-Terres arables | M80: =MATCH(L80,[6]RESULTATS_4!$W:$W,FALSE) -> 599 | N80: {=IFERROR(INDEX([6]RESULTATS_4!G:G,$M80),"-")} -> Utilisation du territoire | O80: {=IFERROR(INDEX([6]RESULTATS_4!H:H,$M80),"-")} -> Usage des terres | P80: {=IFERROR(INDEX([6]RESULTATS_4!I:I,$M80),"-")} -> Terres arables | Q80: {=IFERROR(INDEX([6]RESULTATS_4!$J:$J,M80),"-")} -> kha | S80: =C80&"-"&D80 -> Terres arables -kha | T80: =MATCH(S80,[2]S0!$R:$R,FALSE) -> #N/A | U80: 18332.716 | V80: 15473.875 | W80: 15546.921 | X80: 17575.902 | Y80: 15752.521 | Z80: 16859.859 | AB80: non | AC80: non | AD80: non | AE80: non | AH80: =IF(AND(E80=0,U80=0),"ok 0",(E80/U80-1)*100) -> -6.314737 | AI80: =IF(AND(F80=0,V80=0),"ok 0",(F80/V80-1)*100) -> 11.309047 | AJ80: =IF(AND(G80=0,W80=0),"ok 0",(G80/W80-1)*100) -> -5.4791871 | AK80: =IF(AND(H80=0,X80=0),"ok 0",(H80/X80-1)*100) -> -3.7403478 | AL80: =IF(AND(I80=0,Y80=0),"ok 0",(I80/Y80-1)*100) -> -1.4406441 | AM80: =IF(AND(J80=0,Z80=0),"ok 0",(J80/Z80-1)*100) -> 0.15253633 | AN80: révision tendances 2025
A81: Utilisation du territoire | B81: Usage des terres | C81: Ensemble surfaces peu anthropisées (forêts, prairies peu productives, landes, autres, IAE) | D81: kha | E81: =SUMIFS(ADEME!$F:$F,ADEME!$A:$A,$A81,ADEME!$B:$B,$B81,ADEME!$C:$C,$C81,ADEME!$D:$D,$D81,ADEME!$E:$E,F$9) -> 31980.165 | F81: =SUMIFS(ADEME!$L:$L,ADEME!$A:$A,$A81,ADEME!$B:$B,$B81,ADEME!$C:$C,$C81,ADEME!$D:$D,$D81,ADEME!$E:$E,F$9) -> 31218.936 | G81: =SUMIFS(ADEME!$L:$L,ADEME!$A:$A,$A81,ADEME!$B:$B,$B81,ADEME!$C:$C,$C81,ADEME!$D:$D,$D81,ADEME!$E:$E,G$9) -> 33667.757 | H81: =SUMIFS(ADEME!$L:$L,ADEME!$A:$A,$A81,ADEME!$B:$B,$B81,ADEME!$C:$C,$C81,ADEME!$D:$D,$D81,ADEME!$E:$E,H$9) -> 31296.98 | I81: =SUMIFS(ADEME!$L:$L,ADEME!$A:$A,$A81,ADEME!$B:$B,$B81,ADEME!$C:$C,$C81,ADEME!$D:$D,$D81,ADEME!$E:$E,I$9) -> 31843.485 | J81: =SUMIFS(ADEME!$L:$L,ADEME!$A:$A,$A81,ADEME!$B:$B,$B81,ADEME!$C:$C,$C81,ADEME!$D:$D,$D81,ADEME!$E:$E,J$9) -> 31354.479 | L81: =A81&"-"&B81&"-"&C81 -> Utilisation du territoire-Usage des terres-Ensemble surfaces peu anthropisées (forêts, prairies peu productives, landes, autres, IAE) | M81: =MATCH(L81,[6]RESULTATS_4!$W:$W,FALSE) -> 593 | N81: {=IFERROR(INDEX([6]RESULTATS_4!G:G,$M81),"-")} -> Utilisation du territoire | O81: {=IFERROR(INDEX([6]RESULTATS_4!H:H,$M81),"-")} -> Usage des terres | P81: {=IFERROR(INDEX([6]RESULTATS_4!I:I,$M81),"-")} -> Ensemble surfaces peu anthropisées (forêts, prairies peu productives, landes, autres, IAE) | Q81: {=IFERROR(INDEX([6]RESULTATS_4!$J:$J,M81),"-")} -> kha | S81: =C81&"-"&D81 -> Ensemble surfaces peu anthropisées (forêts, prairies peu productives, landes, autres, IAE)-kha | T81: =MATCH(S81,[2]S0!$R:$R,FALSE) -> #N/A | U81: 30737.228 | V81: 30971.524 | W81: 33194.211 | X81: 30680.729 | Y81: 30573.05 | Z81: 29620.981 | AB81: 71 | AC81: 32491.417 | AD81: 71 | AE81: 28480.628 | AH81: =IF(AND(E81=0,U81=0),"ok 0",(E81/U81-1)*100) -> 4.0437514 | AI81: =IF(AND(F81=0,V81=0),"ok 0",(F81/V81-1)*100) -> 0.79883699 | AJ81: =IF(AND(G81=0,W81=0),"ok 0",(G81/W81-1)*100) -> 1.4265912 | AK81: =IF(AND(H81=0,X81=0),"ok 0",(H81/X81-1)*100) -> 2.0085943 | AL81: =IF(AND(I81=0,Y81=0),"ok 0",(I81/Y81-1)*100) -> 4.1554085 | AM81: =IF(AND(J81=0,Z81=0),"ok 0",(J81/Z81-1)*100) -> 5.8522652 | AN81: révision tendances 2025
A82: - | B82: - | C82: SAU
A83: Utilisation du territoire | B83: Surface Agricole utile | C83: Céréales | D83: kha | E83: =SUMIFS(ADEME!$F:$F,ADEME!$A:$A,$A83,ADEME!$B:$B,$B83,ADEME!$C:$C,$C83,ADEME!$D:$D,$D83,ADEME!$E:$E,F$9) -> 9140.1264 | F83: =SUMIFS(ADEME!$L:$L,ADEME!$A:$A,$A83,ADEME!$B:$B,$B83,ADEME!$C:$C,$C83,ADEME!$D:$D,$D83,ADEME!$E:$E,F$9) -> 7665.8567 | G83: =SUMIFS(ADEME!$L:$L,ADEME!$A:$A,$A83,ADEME!$B:$B,$B83,ADEME!$C:$C,$C83,ADEME!$D:$D,$D83,ADEME!$E:$E,G$9) -> 8660.3817 | H83: =SUMIFS(ADEME!$L:$L,ADEME!$A:$A,$A83,ADEME!$B:$B,$B83,ADEME!$C:$C,$C83,ADEME!$D:$D,$D83,ADEME!$E:$E,H$9) -> 8366.787 | I83: =SUMIFS(ADEME!$L:$L,ADEME!$A:$A,$A83,ADEME!$B:$B,$B83,ADEME!$C:$C,$C83,ADEME!$D:$D,$D83,ADEME!$E:$E,I$9) -> 8004.2334 | J83: =SUMIFS(ADEME!$L:$L,ADEME!$A:$A,$A83,ADEME!$B:$B,$B83,ADEME!$C:$C,$C83,ADEME!$D:$D,$D83,ADEME!$E:$E,J$9) -> 9455.4327 | L83: =A83&"-"&B83&"-"&C83 -> Utilisation du territoire-Surface Agricole utile-Céréales | M83: =MATCH(L83,[6]RESULTATS_4!$W:$W,FALSE) -> 574 | N83: {=IFERROR(INDEX([6]RESULTATS_4!G:G,$M83),"-")} -> Utilisation du territoire | O83: {=IFERROR(INDEX([6]RESULTATS_4!H:H,$M83),"-")} -> Surface Agricole utile | P83: {=IFERROR(INDEX([6]RESULTATS_4!I:I,$M83),"-")} -> Céréales | Q83: {=IFERROR(INDEX([6]RESULTATS_4!$J:$J,M83),"-")} -> kha | S83: =C83&"-"&D83 -> Céréales-kha | T83: =MATCH(S83,[2]S0!$R:$R,FALSE) -> #N/A | U83: 9375.7627 | V83: 8090.6765 | W83: 9177.9126 | X83: 8874.9065 | Y83: 8025.2761 | Z83: 9106.0767 | AB83: 73 | AC83: 8644.6252 | AD83: 73 | AE83: 8544.8908 | AH83: =IF(AND(E83=0,U83=0),"ok 0",(E83/U83-1)*100) -> -2.5132499 | AI83: =IF(AND(F83=0,V83=0),"ok 0",(F83/V83-1)*100) -> -5.2507328 | AJ83: =IF(AND(G83=0,W83=0),"ok 0",(G83/W83-1)*100) -> -5.6388733 | AK83: =IF(AND(H83=0,X83=0),"ok 0",(H83/X83-1)*100) -> -5.7253499 | AL83: =IF(AND(I83=0,Y83=0),"ok 0",(I83/Y83-1)*100) -> -0.26220537 | AM83: =IF(AND(J83=0,Z83=0),"ok 0",(J83/Z83-1)*100) -> 3.836515 | AN83: S0 : révision tendances ; autres : révision ppoint de départ
A84: Utilisation du territoire | B84: Surface Agricole utile | C84: Oléagineux | D84: kha | E84: =SUMIFS(ADEME!$F:$F,ADEME!$A:$A,$A84,ADEME!$B:$B,$B84,ADEME!$C:$C,$C84,ADEME!$D:$D,$D84,ADEME!$E:$E,F$9) -> 2116.4042 | F84: =SUMIFS(ADEME!$L:$L,ADEME!$A:$A,$A84,ADEME!$B:$B,$B84,ADEME!$C:$C,$C84,ADEME!$D:$D,$D84,ADEME!$E:$E,F$9) -> 2060.311 | G84: =SUMIFS(ADEME!$L:$L,ADEME!$A:$A,$A84,ADEME!$B:$B,$B84,ADEME!$C:$C,$C84,ADEME!$D:$D,$D84,ADEME!$E:$E,G$9) -> 2691.8174 | H84: =SUMIFS(ADEME!$L:$L,ADEME!$A:$A,$A84,ADEME!$B:$B,$B84,ADEME!$C:$C,$C84,ADEME!$D:$D,$D84,ADEME!$E:$E,H$9) -> 2438.626 | I84: =SUMIFS(ADEME!$L:$L,ADEME!$A:$A,$A84,ADEME!$B:$B,$B84,ADEME!$C:$C,$C84,ADEME!$D:$D,$D84,ADEME!$E:$E,I$9) -> 1860.4301 | J84: =SUMIFS(ADEME!$L:$L,ADEME!$A:$A,$A84,ADEME!$B:$B,$B84,ADEME!$C:$C,$C84,ADEME!$D:$D,$D84,ADEME!$E:$E,J$9) -> 2034.4665 | L84: =A84&"-"&B84&"-"&C84 -> Utilisation du territoire-Surface Agricole utile-Oléagineux | M84: =MATCH(L84,[6]RESULTATS_4!$W:$W,FALSE) -> 578 | N84: {=IFERROR(INDEX([6]RESULTATS_4!G:G,$M84),"-")} -> Utilisation du territoire | O84: {=IFERROR(INDEX([6]RESULTATS_4!H:H,$M84),"-")} -> Surface Agricole utile | P84: {=IFERROR(INDEX([6]RESULTATS_4!I:I,$M84),"-")} -> Oléagineux | Q84: {=IFERROR(INDEX([6]RESULTATS_4!$J:$J,M84),"-")} -> kha | S84: =C84&"-"&D84 -> Oléagineux-kha | T84: =MATCH(S84,[2]S0!$R:$R,FALSE) -> #N/A | U84: 2265.3677 | V84: 2014.7027 | W84: 2930.2889 | X84: 2645.3089 | Y84: 1945.9879 | Z84: 2044.5944 | AB84: 79 | AC84: 2624.2983 | AD84: 79 | AE84: 2384.1506 | AH84: =IF(AND(E84=0,U84=0),"ok 0",(E84/U84-1)*100) -> -6.5756895 | AI84: =IF(AND(F84=0,V84=0),"ok 0",(F84/V84-1)*100) -> 2.263775 | AJ84: =IF(AND(G84=0,W84=0),"ok 0",(G84/W84-1)*100) -> -8.1381548 | AK84: =IF(AND(H84=0,X84=0),"ok 0",(H84/X84-1)*100) -> -7.813186 | AL84: =IF(AND(I84=0,Y84=0),"ok 0",(I84/Y84-1)*100) -> -4.3966225 | AM84: =IF(AND(J84=0,Z84=0),"ok 0",(J84/Z84-1)*100) -> -0.4953459 | AN84: S0 : révision tendances ; autres : révision ppoint de départ
A85: Utilisation du territoire | B85: Surface Agricole utile | C85: Protéagineux | D85: kha | E85: =SUMIFS(ADEME!$F:$F,ADEME!$A:$A,$A85,ADEME!$B:$B,$B85,ADEME!$C:$C,$C85,ADEME!$D:$D,$D85,ADEME!$E:$E,F$9) -> 239.2334 | F85: =SUMIFS(ADEME!$L:$L,ADEME!$A:$A,$A85,ADEME!$B:$B,$B85,ADEME!$C:$C,$C85,ADEME!$D:$D,$D85,ADEME!$E:$E,F$9) -> 153.8224 | G85: =SUMIFS(ADEME!$L:$L,ADEME!$A:$A,$A85,ADEME!$B:$B,$B85,ADEME!$C:$C,$C85,ADEME!$D:$D,$D85,ADEME!$E:$E,G$9) -> 292.01396 | H85: =SUMIFS(ADEME!$L:$L,ADEME!$A:$A,$A85,ADEME!$B:$B,$B85,ADEME!$C:$C,$C85,ADEME!$D:$D,$D85,ADEME!$E:$E,H$9) -> 996.2751 | I85: =SUMIFS(ADEME!$L:$L,ADEME!$A:$A,$A85,ADEME!$B:$B,$B85,ADEME!$C:$C,$C85,ADEME!$D:$D,$D85,ADEME!$E:$E,I$9) -> 210.29869 | J85: =SUMIFS(ADEME!$L:$L,ADEME!$A:$A,$A85,ADEME!$B:$B,$B85,ADEME!$C:$C,$C85,ADEME!$D:$D,$D85,ADEME!$E:$E,J$9) -> 229.97136 | L85: =A85&"-"&B85&"-"&C85 -> Utilisation du territoire-Surface Agricole utile-Protéagineux | M85: =MATCH(L85,[6]RESULTATS_4!$W:$W,FALSE) -> 582 | N85: {=IFERROR(INDEX([6]RESULTATS_4!G:G,$M85),"-")} -> Utilisation du territoire | O85: {=IFERROR(INDEX([6]RESULTATS_4!H:H,$M85),"-")} -> Surface Agricole utile | P85: {=IFERROR(INDEX([6]RESULTATS_4!I:I,$M85),"-")} -> Protéagineux | Q85: {=IFERROR(INDEX([6]RESULTATS_4!$J:$J,M85),"-")} -> kha | S85: =C85&"-"&D85 -> Protéagineux-kha | T85: =MATCH(S85,[2]S0!$R:$R,FALSE) -> #N/A | U85: 273.86925 | V85: 354.49716 | W85: 344.11187 | X85: 1174.8286 | Y85: 235.25815 | Z85: 247.17908 | AB85: 83 | AC85: 770.39452 | AD85: 83 | AE85: 678.48414 | AH85: =IF(AND(E85=0,U85=0),"ok 0",(E85/U85-1)*100) -> -12.646856 | AI85: =IF(AND(F85=0,V85=0),"ok 0",(F85/V85-1)*100) -> -56.608285 | AJ85: =IF(AND(G85=0,W85=0),"ok 0",(G85/W85-1)*100) -> -15.139817 | AK85: =IF(AND(H85=0,X85=0),"ok 0",(H85/X85-1)*100) -> -15.198259 | AL85: =IF(AND(I85=0,Y85=0),"ok 0",(I85/Y85-1)*100) -> -10.609395 | AM85: =IF(AND(J85=0,Z85=0),"ok 0",(J85/Z85-1)*100) -> -6.9616428 | AN85: S0 : révision tendances ; autres : révision ppoint de départ
A86: Utilisation du territoire | B86: Surface Agricole utile | C86: Cultures industrielles | D86: kha | E86: =SUMIFS(ADEME!$F:$F,ADEME!$A:$A,$A86,ADEME!$B:$B,$B86,ADEME!$C:$C,$C86,ADEME!$D:$D,$D86,ADEME!$E:$E,F$9) -> 843.6152 | F86: =SUMIFS(ADEME!$L:$L,ADEME!$A:$A,$A86,ADEME!$B:$B,$B86,ADEME!$C:$C,$C86,ADEME!$D:$D,$D86,ADEME!$E:$E,F$9) -> 1318.0935 | G86: =SUMIFS(ADEME!$L:$L,ADEME!$A:$A,$A86,ADEME!$B:$B,$B86,ADEME!$C:$C,$C86,ADEME!$D:$D,$D86,ADEME!$E:$E,G$9) -> 635.81238 | H86: =SUMIFS(ADEME!$L:$L,ADEME!$A:$A,$A86,ADEME!$B:$B,$B86,ADEME!$C:$C,$C86,ADEME!$D:$D,$D86,ADEME!$E:$E,H$9) -> 657.56035 | I86: =SUMIFS(ADEME!$L:$L,ADEME!$A:$A,$A86,ADEME!$B:$B,$B86,ADEME!$C:$C,$C86,ADEME!$D:$D,$D86,ADEME!$E:$E,I$9) -> 686.7705 | J86: =SUMIFS(ADEME!$L:$L,ADEME!$A:$A,$A86,ADEME!$B:$B,$B86,ADEME!$C:$C,$C86,ADEME!$D:$D,$D86,ADEME!$E:$E,J$9) -> 709.29229 | L86: =A86&"-"&B86&"-"&C86 -> Utilisation du territoire-Surface Agricole utile-Cultures industrielles | M86: =MATCH(L86,[6]RESULTATS_4!$W:$W,FALSE) -> 576 | N86: {=IFERROR(INDEX([6]RESULTATS_4!G:G,$M86),"-")} -> Utilisation du territoire | O86: {=IFERROR(INDEX([6]RESULTATS_4!H:H,$M86),"-")} -> Surface Agricole utile | P86: {=IFERROR(INDEX([6]RESULTATS_4!I:I,$M86),"-")} -> Cultures industrielles | Q86: {=IFERROR(INDEX([6]RESULTATS_4!$J:$J,M86),"-")} -> kha | S86: =C86&"-"&D86 -> Cultures industrielles-kha | T86: =MATCH(S86,[2]S0!$R:$R,FALSE) -> #N/A | U86: 785.29975 | V86: 677.66287 | W86: 609.24871 | X86: 630.5223 | Y86: 624.72568 | Z86: 619.91595 | AB86: 90 | AC86: 686.65473 | AD86: 90 | AE86: 699.18234 | AH86: =IF(AND(E86=0,U86=0),"ok 0",(E86/U86-1)*100) -> 7.4258842 | AI86: =IF(AND(F86=0,V86=0),"ok 0",(F86/V86-1)*100) -> 94.505795 | AJ86: =IF(AND(G86=0,W86=0),"ok 0",(G86/W86-1)*100) -> 4.3600693 | AK86: =IF(AND(H86=0,X86=0),"ok 0",(H86/X86-1)*100) -> 4.2881979 | AL86: =IF(AND(I86=0,Y86=0),"ok 0",(I86/Y86-1)*100) -> 9.9315297 | AM86: =IF(AND(J86=0,Z86=0),"ok 0",(J86/Z86-1)*100) -> 14.417494 | AN86: S0 : révision tendances ; autres : révision ppoint de départ
A87: Utilisation du territoire | B87: Surface Agricole utile | C87: Cultures fourragères (hors prairies cultivées de légumineuses) | D87: kha | E87: =SUMIFS(ADEME!$F:$F,ADEME!$A:$A,$A87,ADEME!$B:$B,$B87,ADEME!$C:$C,$C87,ADEME!$D:$D,$D87,ADEME!$E:$E,F$9) -> 3617.5198 | F87: =SUMIFS(ADEME!$L:$L,ADEME!$A:$A,$A87,ADEME!$B:$B,$B87,ADEME!$C:$C,$C87,ADEME!$D:$D,$D87,ADEME!$E:$E,F$9) -> 3624.669 | G87: =SUMIFS(ADEME!$L:$L,ADEME!$A:$A,$A87,ADEME!$B:$B,$B87,ADEME!$C:$C,$C87,ADEME!$D:$D,$D87,ADEME!$E:$E,G$9) -> 727.04992 | H87: =SUMIFS(ADEME!$L:$L,ADEME!$A:$A,$A87,ADEME!$B:$B,$B87,ADEME!$C:$C,$C87,ADEME!$D:$D,$D87,ADEME!$E:$E,H$9) -> 1057.3856 | I87: =SUMIFS(ADEME!$L:$L,ADEME!$A:$A,$A87,ADEME!$B:$B,$B87,ADEME!$C:$C,$C87,ADEME!$D:$D,$D87,ADEME!$E:$E,I$9) -> 2617.7347 | J87: =SUMIFS(ADEME!$L:$L,ADEME!$A:$A,$A87,ADEME!$B:$B,$B87,ADEME!$C:$C,$C87,ADEME!$D:$D,$D87,ADEME!$E:$E,J$9) -> 3220.441 | L87: =A87&"-"&B87&"-"&C87 -> Utilisation du territoire-Surface Agricole utile-Cultures fourragères (hors prairies cultivées de légumineuses) | M87: =MATCH(L87,[6]RESULTATS_4!$W:$W,FALSE) -> 575 | N87: {=IFERROR(INDEX([6]RESULTATS_4!G:G,$M87),"-")} -> Utilisation du territoire | O87: {=IFERROR(INDEX([6]RESULTATS_4!H:H,$M87),"-")} -> Surface Agricole utile | P87: {=IFERROR(INDEX([6]RESULTATS_4!I:I,$M87),"-")} -> Cultures fourragères (hors prairies cultivées de légumineuses) | Q87: {=IFERROR(INDEX([6]RESULTATS_4!$J:$J,M87),"-")} -> kha | S87: =C87&"-"&D87 -> Cultures fourragères (hors prairies cultivées de légumineuses)-kha | T87: =MATCH(S87,[2]S0!$R:$R,FALSE) -> #N/A | U87: 4851.7045 | V87: 3555.5857 | W87: 1412.246 | X87: 2864.8606 | Y87: 4121.5397 | Z87: 4122.9093 | AB87: non | AC87: non | AD87: non | AE87: non | AH87: =IF(AND(E87=0,U87=0),"ok 0",(E87/U87-1)*100) -> -25.438167 | AI87: =IF(AND(F87=0,V87=0),"ok 0",(F87/V87-1)*100) -> 1.9429497 | AJ87: =IF(AND(G87=0,W87=0),"ok 0",(G87/W87-1)*100) -> -48.518183 | AK87: =IF(AND(H87=0,X87=0),"ok 0",(H87/X87-1)*100) -> -63.091202 | AL87: =IF(AND(I87=0,Y87=0),"ok 0",(I87/Y87-1)*100) -> -36.486486 | AM87: =IF(AND(J87=0,Z87=0),"ok 0",(J87/Z87-1)*100) -> -21.889114 | AN87: 1 Mha en moins dans le statistques
A88: Utilisation du territoire | B88: Surface Agricole utile | C88: Prairies cultivées de légumineuses | D88: kha | E88: =SUMIFS(ADEME!$F:$F,ADEME!$A:$A,$A88,ADEME!$B:$B,$B88,ADEME!$C:$C,$C88,ADEME!$D:$D,$D88,ADEME!$E:$E,F$9) -> 499.7354 | F88: =SUMIFS(ADEME!$L:$L,ADEME!$A:$A,$A88,ADEME!$B:$B,$B88,ADEME!$C:$C,$C88,ADEME!$D:$D,$D88,ADEME!$E:$E,F$9) -> 1378.0319 | G88: =SUMIFS(ADEME!$L:$L,ADEME!$A:$A,$A88,ADEME!$B:$B,$B88,ADEME!$C:$C,$C88,ADEME!$D:$D,$D88,ADEME!$E:$E,G$9) -> 660.82128 | H88: =SUMIFS(ADEME!$L:$L,ADEME!$A:$A,$A88,ADEME!$B:$B,$B88,ADEME!$C:$C,$C88,ADEME!$D:$D,$D88,ADEME!$E:$E,H$9) -> 2081.1222 | I88: =SUMIFS(ADEME!$L:$L,ADEME!$A:$A,$A88,ADEME!$B:$B,$B88,ADEME!$C:$C,$C88,ADEME!$D:$D,$D88,ADEME!$E:$E,I$9) -> 1356.0824 | J88: =SUMIFS(ADEME!$L:$L,ADEME!$A:$A,$A88,ADEME!$B:$B,$B88,ADEME!$C:$C,$C88,ADEME!$D:$D,$D88,ADEME!$E:$E,J$9) -> 494.313 | L88: =A88&"-"&B88&"-"&C88 -> Utilisation du territoire-Surface Agricole utile-Prairies cultivées de légumineuses | M88: =MATCH(L88,[6]RESULTATS_4!$W:$W,FALSE) -> 581 | N88: {=IFERROR(INDEX([6]RESULTATS_4!G:G,$M88),"-")} -> Utilisation du territoire | O88: {=IFERROR(INDEX([6]RESULTATS_4!H:H,$M88),"-")} -> Surface Agricole utile | P88: {=IFERROR(INDEX([6]RESULTATS_4!I:I,$M88),"-")} -> Prairies cultivées de légumineuses | Q88: {=IFERROR(INDEX([6]RESULTATS_4!$J:$J,M88),"-")} -> kha | S88: =C88&"-"&D88 -> Prairies cultivées de légumineuses-kha | T88: =MATCH(S88,[2]S0!$R:$R,FALSE) -> #N/A | U88: 351.29675 | V88: 454.71954 | W88: 478.18133 | X88: 1506.9726 | Y88: 931.5513 | Z88: 326.25153 | AB88: non | AC88: non | AD88: non | AE88: non | AH88: =IF(AND(E88=0,U88=0),"ok 0",(E88/U88-1)*100) -> 42.25449 | AI88: =IF(AND(F88=0,V88=0),"ok 0",(F88/V88-1)*100) -> 203.05096 | AJ88: =IF(AND(G88=0,W88=0),"ok 0",(G88/W88-1)*100) -> 38.194706 | AK88: =IF(AND(H88=0,X88=0),"ok 0",(H88/X88-1)*100) -> 38.099533 | AL88: =IF(AND(I88=0,Y88=0),"ok 0",(I88/Y88-1)*100) -> 45.572492 | AM88: =IF(AND(J88=0,Z88=0),"ok 0",(J88/Z88-1)*100) -> 51.512853 | AN88: S0 : révision tendances ; autres : révision ppoint de départ
A89: Utilisation du territoire | B89: Surface Agricole utile | C89: Prairie productive | D89: kha | E89: =SUMIFS(ADEME!$F:$F,ADEME!$A:$A,$A89,ADEME!$B:$B,$B89,ADEME!$C:$C,$C89,ADEME!$D:$D,$D89,ADEME!$E:$E,F$9) -> 8743.1666 | F89: =SUMIFS(ADEME!$L:$L,ADEME!$A:$A,$A89,ADEME!$B:$B,$B89,ADEME!$C:$C,$C89,ADEME!$D:$D,$D89,ADEME!$E:$E,F$9) -> 7793.4955 | G89: =SUMIFS(ADEME!$L:$L,ADEME!$A:$A,$A89,ADEME!$B:$B,$B89,ADEME!$C:$C,$C89,ADEME!$D:$D,$D89,ADEME!$E:$E,G$9) -> 7031.8357 | H89: =SUMIFS(ADEME!$L:$L,ADEME!$A:$A,$A89,ADEME!$B:$B,$B89,ADEME!$C:$C,$C89,ADEME!$D:$D,$D89,ADEME!$E:$E,H$9) -> 7242.0065 | I89: =SUMIFS(ADEME!$L:$L,ADEME!$A:$A,$A89,ADEME!$B:$B,$B89,ADEME!$C:$C,$C89,ADEME!$D:$D,$D89,ADEME!$E:$E,I$9) -> 7908.4884 | J89: =SUMIFS(ADEME!$L:$L,ADEME!$A:$A,$A89,ADEME!$B:$B,$B89,ADEME!$C:$C,$C89,ADEME!$D:$D,$D89,ADEME!$E:$E,J$9) -> 7783.4686 | L89: =A89&"-"&B89&"-"&C89 -> Utilisation du territoire-Surface Agricole utile-Prairie productive | M89: =MATCH(L89,[6]RESULTATS_4!$W:$W,FALSE) -> 580 | N89: {=IFERROR(INDEX([6]RESULTATS_4!G:G,$M89),"-")} -> Utilisation du territoire | O89: {=IFERROR(INDEX([6]RESULTATS_4!H:H,$M89),"-")} -> Surface Agricole utile | P89: {=IFERROR(INDEX([6]RESULTATS_4!I:I,$M89),"-")} -> Prairie productive | Q89: {=IFERROR(INDEX([6]RESULTATS_4!$J:$J,M89),"-")} -> kha | S89: =C89&"-"&D89 -> Prairie productive-kha | T89: =MATCH(S89,[2]S0!$R:$R,FALSE) -> #N/A | U89: 6884.5885 | V89: 5677.8293 | W89: 5699.7069 | X89: 5874.1079 | Y89: 6085.4035 | Z89: 5754.3851 | AB89: non | AC89: non | AD89: non | AE89: non | AH89: =IF(AND(E89=0,U89=0),"ok 0",(E89/U89-1)*100) -> 26.996212 | AI89: =IF(AND(F89=0,V89=0),"ok 0",(F89/V89-1)*100) -> 37.261884 | AJ89: =IF(AND(G89=0,W89=0),"ok 0",(G89/W89-1)*100) -> 23.371882 | AK89: =IF(AND(H89=0,X89=0),"ok 0",(H89/X89-1)*100) -> 23.286917 | AL89: =IF(AND(I89=0,Y89=0),"ok 0",(I89/Y89-1)*100) -> 29.958324 | AM89: =IF(AND(J89=0,Z89=0),"ok 0",(J89/Z89-1)*100) -> 35.261519 | AN89: important changement dans les statistiques
A90: Utilisation du territoire | B90: Surface Agricole utile | C90: Prairie peu productive | D90: kha | E90: =SUMIFS(ADEME!$F:$F,ADEME!$A:$A,$A90,ADEME!$B:$B,$B90,ADEME!$C:$C,$C90,ADEME!$D:$D,$D90,ADEME!$E:$E,F$9) -> 1612.5568 | F90: =SUMIFS(ADEME!$L:$L,ADEME!$A:$A,$A90,ADEME!$B:$B,$B90,ADEME!$C:$C,$C90,ADEME!$D:$D,$D90,ADEME!$E:$E,F$9) -> 1530.8647 | G90: =SUMIFS(ADEME!$L:$L,ADEME!$A:$A,$A90,ADEME!$B:$B,$B90,ADEME!$C:$C,$C90,ADEME!$D:$D,$D90,ADEME!$E:$E,G$9) -> 1751.2168 | H90: =SUMIFS(ADEME!$L:$L,ADEME!$A:$A,$A90,ADEME!$B:$B,$B90,ADEME!$C:$C,$C90,ADEME!$D:$D,$D90,ADEME!$E:$E,H$9) -> 1687.7363 | I90: =SUMIFS(ADEME!$L:$L,ADEME!$A:$A,$A90,ADEME!$B:$B,$B90,ADEME!$C:$C,$C90,ADEME!$D:$D,$D90,ADEME!$E:$E,I$9) -> 1458.6119 | J90: =SUMIFS(ADEME!$L:$L,ADEME!$A:$A,$A90,ADEME!$B:$B,$B90,ADEME!$C:$C,$C90,ADEME!$D:$D,$D90,ADEME!$E:$E,J$9) -> 1674.8127 | L90: =A90&"-"&B90&"-"&C90 -> Utilisation du territoire-Surface Agricole utile-Prairie peu productive | M90: =MATCH(L90,[6]RESULTATS_4!$W:$W,FALSE) -> 579 | N90: {=IFERROR(INDEX([6]RESULTATS_4!G:G,$M90),"-")} -> Utilisation du territoire | O90: {=IFERROR(INDEX([6]RESULTATS_4!H:H,$M90),"-")} -> Surface Agricole utile | P90: {=IFERROR(INDEX([6]RESULTATS_4!I:I,$M90),"-")} -> Prairie peu productive | Q90: {=IFERROR(INDEX([6]RESULTATS_4!$J:$J,M90),"-")} -> kha | S90: =C90&"-"&D90 -> Prairie peu productive-kha | T90: =MATCH(S90,[2]S0!$R:$R,FALSE) -> #N/A | U90: 2432.7973 | V90: 2343.0716 | W90: 2719.6023 | X90: 2622.8246 | Y90: 2150.3904 | Z90: 2372.322 | AB90: non | AC90: non | AD90: non | AE90: non | AH90: =IF(AND(E90=0,U90=0),"ok 0",(E90/U90-1)*100) -> -33.71594 | AI90: =IF(AND(F90=0,V90=0),"ok 0",(F90/V90-1)*100) -> -34.664196 | AJ90: =IF(AND(G90=0,W90=0),"ok 0",(G90/W90-1)*100) -> -35.607613 | AK90: =IF(AND(H90=0,X90=0),"ok 0",(H90/X90-1)*100) -> -35.651959 | AL90: =IF(AND(I90=0,Y90=0),"ok 0",(I90/Y90-1)*100) -> -32.169903 | AM90: =IF(AND(J90=0,Z90=0),"ok 0",(J90/Z90-1)*100) -> -29.401967 | AN90: important changement dans les statistiques
A91: Utilisation du territoire | B91: Surface Agricole utile | C91: Vignes | D91: kha | E91: =SUMIFS(ADEME!$F:$F,ADEME!$A:$A,$A91,ADEME!$B:$B,$B91,ADEME!$C:$C,$C91,ADEME!$D:$D,$D91,ADEME!$E:$E,F$9) -> 795.5458 | F91: =SUMIFS(ADEME!$L:$L,ADEME!$A:$A,$A91,ADEME!$B:$B,$B91,ADEME!$C:$C,$C91,ADEME!$D:$D,$D91,ADEME!$E:$E,F$9) -> 767.91265 | G91: =SUMIFS(ADEME!$L:$L,ADEME!$A:$A,$A91,ADEME!$B:$B,$B91,ADEME!$C:$C,$C91,ADEME!$D:$D,$D91,ADEME!$E:$E,G$9) -> 569.7173 | H91: =SUMIFS(ADEME!$L:$L,ADEME!$A:$A,$A91,ADEME!$B:$B,$B91,ADEME!$C:$C,$C91,ADEME!$D:$D,$D91,ADEME!$E:$E,H$9) -> 629.28444 | I91: =SUMIFS(ADEME!$L:$L,ADEME!$A:$A,$A91,ADEME!$B:$B,$B91,ADEME!$C:$C,$C91,ADEME!$D:$D,$D91,ADEME!$E:$E,I$9) -> 600.11616 | J91: =SUMIFS(ADEME!$L:$L,ADEME!$A:$A,$A91,ADEME!$B:$B,$B91,ADEME!$C:$C,$C91,ADEME!$D:$D,$D91,ADEME!$E:$E,J$9) -> 789.73133 | L91: =A91&"-"&B91&"-"&C91 -> Utilisation du territoire-Surface Agricole utile-Vignes | M91: =MATCH(L91,[6]RESULTATS_4!$W:$W,FALSE) -> 583 | N91: {=IFERROR(INDEX([6]RESULTATS_4!G:G,$M91),"-")} -> Utilisation du territoire | O91: {=IFERROR(INDEX([6]RESULTATS_4!H:H,$M91),"-")} -> Surface Agricole utile | P91: {=IFERROR(INDEX([6]RESULTATS_4!I:I,$M91),"-")} -> Vignes | Q91: {=IFERROR(INDEX([6]RESULTATS_4!$J:$J,M91),"-")} -> kha | S91: =C91&"-"&D91 -> Vignes-kha | T91: =MATCH(S91,[2]S0!$R:$R,FALSE) -> #N/A | U91: 787.64375 | V91: 565.61162 | W91: 569.74851 | X91: 631.29565 | Y91: 575.94963 | Z91: 733.79843 | AB91: 101 | AC91: 751.53372 | AD91: 101 | AE91: 755.57622 | AH91: =IF(AND(E91=0,U91=0),"ok 0",(E91/U91-1)*100) -> 1.0032518 | AI91: =IF(AND(F91=0,V91=0),"ok 0",(F91/V91-1)*100) -> 35.766775 | AJ91: =IF(AND(G91=0,W91=0),"ok 0",(G91/W91-1)*100) -> -0.0054771387 | AK91: =IF(AND(H91=0,X91=0),"ok 0",(H91/X91-1)*100) -> -0.31858538 | AL91: =IF(AND(I91=0,Y91=0),"ok 0",(I91/Y91-1)*100) -> 4.195945 | AM91: =IF(AND(J91=0,Z91=0),"ok 0",(J91/Z91-1)*100) -> 7.6223789 | AN91: S0 : révision tendances ; autres : révision ppoint de départ
A92: Utilisation du territoire | B92: Surface Agricole utile | C92: Arboriculture | D92: kha | E92: =SUMIFS(ADEME!$F:$F,ADEME!$A:$A,$A92,ADEME!$B:$B,$B92,ADEME!$C:$C,$C92,ADEME!$D:$D,$D92,ADEME!$E:$E,F$9) -> 177.599 | F92: =SUMIFS(ADEME!$L:$L,ADEME!$A:$A,$A92,ADEME!$B:$B,$B92,ADEME!$C:$C,$C92,ADEME!$D:$D,$D92,ADEME!$E:$E,F$9) -> 195.51452 | G92: =SUMIFS(ADEME!$L:$L,ADEME!$A:$A,$A92,ADEME!$B:$B,$B92,ADEME!$C:$C,$C92,ADEME!$D:$D,$D92,ADEME!$E:$E,G$9) -> 402.65945 | H92: =SUMIFS(ADEME!$L:$L,ADEME!$A:$A,$A92,ADEME!$B:$B,$B92,ADEME!$C:$C,$C92,ADEME!$D:$D,$D92,ADEME!$E:$E,H$9) -> 378.21479 | I92: =SUMIFS(ADEME!$L:$L,ADEME!$A:$A,$A92,ADEME!$B:$B,$B92,ADEME!$C:$C,$C92,ADEME!$D:$D,$D92,ADEME!$E:$E,I$9) -> 273.09526 | J92: =SUMIFS(ADEME!$L:$L,ADEME!$A:$A,$A92,ADEME!$B:$B,$B92,ADEME!$C:$C,$C92,ADEME!$D:$D,$D92,ADEME!$E:$E,J$9) -> 219.07138 | L92: =A92&"-"&B92&"-"&C92 -> Utilisation du territoire-Surface Agricole utile-Arboriculture | M92: =MATCH(L92,[6]RESULTATS_4!$W:$W,FALSE) -> 573 | N92: {=IFERROR(INDEX([6]RESULTATS_4!G:G,$M92),"-")} -> Utilisation du territoire | O92: {=IFERROR(INDEX([6]RESULTATS_4!H:H,$M92),"-")} -> Surface Agricole utile | P92: {=IFERROR(INDEX([6]RESULTATS_4!I:I,$M92),"-")} -> Arboriculture | Q92: {=IFERROR(INDEX([6]RESULTATS_4!$J:$J,M92),"-")} -> kha | S92: =C92&"-"&D92 -> Arboriculture-kha | T92: =MATCH(S92,[2]S0!$R:$R,FALSE) -> #N/A | U92: 161.32525 | V92: 145.57834 | W92: 403.46765 | X92: 357.82506 | Y92: 242.41677 | Z92: 185.27083 | AB92: 102 | AC92: 283.44221 | AD92: 102 | AE92: 202.40161 | AH92: =IF(AND(E92=0,U92=0),"ok 0",(E92/U92-1)*100) -> 10.087541 | AI92: =IF(AND(F92=0,V92=0),"ok 0",(F92/V92-1)*100) -> 34.301928 | AJ92: =IF(AND(G92=0,W92=0),"ok 0",(G92/W92-1)*100) -> -0.20031341 | AK92: =IF(AND(H92=0,X92=0),"ok 0",(H92/X92-1)*100) -> 5.6982417 | AL92: =IF(AND(I92=0,Y92=0),"ok 0",(I92/Y92-1)*100) -> 12.655268 | AM92: =IF(AND(J92=0,Z92=0),"ok 0",(J92/Z92-1)*100) -> 18.243863 | AN92: S0 : révision tendances ; autres : révision ppoint de départ
A93: Utilisation du territoire | B93: Surface Agricole utile | C93: Légumes | D93: kha | E93: =SUMIFS(ADEME!$F:$F,ADEME!$A:$A,$A93,ADEME!$B:$B,$B93,ADEME!$C:$C,$C93,ADEME!$D:$D,$D93,ADEME!$E:$E,F$9) -> 318.3734 | F93: =SUMIFS(ADEME!$L:$L,ADEME!$A:$A,$A93,ADEME!$B:$B,$B93,ADEME!$C:$C,$C93,ADEME!$D:$D,$D93,ADEME!$E:$E,F$9) -> 620.57255 | G93: =SUMIFS(ADEME!$L:$L,ADEME!$A:$A,$A93,ADEME!$B:$B,$B93,ADEME!$C:$C,$C93,ADEME!$D:$D,$D93,ADEME!$E:$E,G$9) -> 605.59529 | H93: =SUMIFS(ADEME!$L:$L,ADEME!$A:$A,$A93,ADEME!$B:$B,$B93,ADEME!$C:$C,$C93,ADEME!$D:$D,$D93,ADEME!$E:$E,H$9) -> 914.05968 | I93: =SUMIFS(ADEME!$L:$L,ADEME!$A:$A,$A93,ADEME!$B:$B,$B93,ADEME!$C:$C,$C93,ADEME!$D:$D,$D93,ADEME!$E:$E,I$9) -> 416.65212 | J93: =SUMIFS(ADEME!$L:$L,ADEME!$A:$A,$A93,ADEME!$B:$B,$B93,ADEME!$C:$C,$C93,ADEME!$D:$D,$D93,ADEME!$E:$E,J$9) -> 306.56719 | L93: =A93&"-"&B93&"-"&C93 -> Utilisation du territoire-Surface Agricole utile-Légumes | M93: =MATCH(L93,[6]RESULTATS_4!$W:$W,FALSE) -> 577 | N93: {=IFERROR(INDEX([6]RESULTATS_4!G:G,$M93),"-")} -> Utilisation du territoire | O93: {=IFERROR(INDEX([6]RESULTATS_4!H:H,$M93),"-")} -> Surface Agricole utile | P93: {=IFERROR(INDEX([6]RESULTATS_4!I:I,$M93),"-")} -> Légumes | Q93: {=IFERROR(INDEX([6]RESULTATS_4!$J:$J,M93),"-")} -> kha | S93: =C93&"-"&D93 -> Légumes-kha | T93: =MATCH(S93,[2]S0!$R:$R,FALSE) -> #N/A | U93: 290.49 | V93: 331.53422 | W93: 566.01656 | X93: 893.4716 | Y93: 366.41795 | Z93: 263.91169 | AB93: non | AC93: non | AD93: non | AE93: non | AH93: =IF(AND(E93=0,U93=0),"ok 0",(E93/U93-1)*100) -> 9.5987469 | AI93: =IF(AND(F93=0,V93=0),"ok 0",(F93/V93-1)*100) -> 87.182047 | AJ93: =IF(AND(G93=0,W93=0),"ok 0",(G93/W93-1)*100) -> 6.992504 | AK93: =IF(AND(H93=0,X93=0),"ok 0",(H93/X93-1)*100) -> 2.3042797 | AL93: =IF(AND(I93=0,Y93=0),"ok 0",(I93/Y93-1)*100) -> 13.709527 | AM93: =IF(AND(J93=0,Z93=0),"ok 0",(J93/Z93-1)*100) -> 16.162794 | AN93: S0 : révision tendances ; autres : révision ppoint de départ
A94: - | B94: - | C94: SAU_DETAILS
A95: Utilisation du territoire | B95: Détail SAU | C95: Céréales | D95: kha | E95: =SUMIFS(ADEME!$F:$F,ADEME!$A:$A,$A95,ADEME!$B:$B,$B95,ADEME!$C:$C,$C95,ADEME!$D:$D,$D95,ADEME!$E:$E,F$9) -> 9140.1264 | F95: =SUMIFS(ADEME!$L:$L,ADEME!$A:$A,$A95,ADEME!$B:$B,$B95,ADEME!$C:$C,$C95,ADEME!$D:$D,$D95,ADEME!$E:$E,F$9) -> 7665.8567 | G95: =SUMIFS(ADEME!$L:$L,ADEME!$A:$A,$A95,ADEME!$B:$B,$B95,ADEME!$C:$C,$C95,ADEME!$D:$D,$D95,ADEME!$E:$E,G$9) -> 8660.3817 | H95: =SUMIFS(ADEME!$L:$L,ADEME!$A:$A,$A95,ADEME!$B:$B,$B95,ADEME!$C:$C,$C95,ADEME!$D:$D,$D95,ADEME!$E:$E,H$9) -> 8366.787 | I95: =SUMIFS(ADEME!$L:$L,ADEME!$A:$A,$A95,ADEME!$B:$B,$B95,ADEME!$C:$C,$C95,ADEME!$D:$D,$D95,ADEME!$E:$E,I$9) -> 8004.2334 | J95: =SUMIFS(ADEME!$L:$L,ADEME!$A:$A,$A95,ADEME!$B:$B,$B95,ADEME!$C:$C,$C95,ADEME!$D:$D,$D95,ADEME!$E:$E,J$9) -> 9455.4327 | L95: =A95&"-"&B95&"-"&C95 -> Utilisation du territoire-Détail SAU-Céréales | M95: =MATCH(L95,[6]RESULTATS_4!$W:$W,FALSE) -> 542 | N95: {=IFERROR(INDEX([6]RESULTATS_4!G:G,$M95),"-")} -> Utilisation du territoire | O95: {=IFERROR(INDEX([6]RESULTATS_4!H:H,$M95),"-")} -> Détail SAU | P95: {=IFERROR(INDEX([6]RESULTATS_4!I:I,$M95),"-")} -> Céréales | Q95: {=IFERROR(INDEX([6]RESULTATS_4!$J:$J,M95),"-")} -> kha | S95: =C95&"-"&D95 -> Céréales-kha | T95: =MATCH(S95,[2]S0!$R:$R,FALSE) -> #N/A | U95: 9375.7627 | V95: 8090.6765 | W95: 9177.9126 | X95: 8874.9065 | Y95: 8025.2761 | Z95: 9106.0767 | AB95: 73 | AC95: 8644.6252 | AD95: 73 | AE95: 8544.8908 | AH95: =IF(AND(E95=0,U95=0),"ok 0",(E95/U95-1)*100) -> -2.5132499 | AI95: =IF(AND(F95=0,V95=0),"ok 0",(F95/V95-1)*100) -> -5.2507328 | AJ95: =IF(AND(G95=0,W95=0),"ok 0",(G95/W95-1)*100) -> -5.6388733 | AK95: =IF(AND(H95=0,X95=0),"ok 0",(H95/X95-1)*100) -> -5.7253499 | AL95: =IF(AND(I95=0,Y95=0),"ok 0",(I95/Y95-1)*100) -> -0.26220537 | AM95: =IF(AND(J95=0,Z95=0),"ok 0",(J95/Z95-1)*100) -> 3.836515 | AN95: S0 : révision tendances ; autres : révision ppoint de départ
A96: Utilisation du territoire | B96: Détail SAU | C96: blé tendre | D96: kha | E96: =SUMIFS(ADEME!$F:$F,ADEME!$A:$A,$A96,ADEME!$B:$B,$B96,ADEME!$C:$C,$C96,ADEME!$D:$D,$D96,ADEME!$E:$E,F$9) -> 4765.3132 | F96: =SUMIFS(ADEME!$L:$L,ADEME!$A:$A,$A96,ADEME!$B:$B,$B96,ADEME!$C:$C,$C96,ADEME!$D:$D,$D96,ADEME!$E:$E,F$9) -> 4215.28 | G96: =SUMIFS(ADEME!$L:$L,ADEME!$A:$A,$A96,ADEME!$B:$B,$B96,ADEME!$C:$C,$C96,ADEME!$D:$D,$D96,ADEME!$E:$E,G$9) -> 4788.6685 | H96: =SUMIFS(ADEME!$L:$L,ADEME!$A:$A,$A96,ADEME!$B:$B,$B96,ADEME!$C:$C,$C96,ADEME!$D:$D,$D96,ADEME!$E:$E,H$9) -> 4642.9359 | I96: =SUMIFS(ADEME!$L:$L,ADEME!$A:$A,$A96,ADEME!$B:$B,$B96,ADEME!$C:$C,$C96,ADEME!$D:$D,$D96,ADEME!$E:$E,I$9) -> 4188.9598 | J96: =SUMIFS(ADEME!$L:$L,ADEME!$A:$A,$A96,ADEME!$B:$B,$B96,ADEME!$C:$C,$C96,ADEME!$D:$D,$D96,ADEME!$E:$E,J$9) -> 4925.732 | L96: =A96&"-"&B96&"-"&C96 -> Utilisation du territoire-Détail SAU-blé tendre | M96: =MATCH(L96,[6]RESULTATS_4!$W:$W,FALSE) -> 541 | N96: {=IFERROR(INDEX([6]RESULTATS_4!G:G,$M96),"-")} -> Utilisation du territoire | O96: {=IFERROR(INDEX([6]RESULTATS_4!H:H,$M96),"-")} -> Détail SAU | P96: {=IFERROR(INDEX([6]RESULTATS_4!I:I,$M96),"-")} -> blé tendre | Q96: {=IFERROR(INDEX([6]RESULTATS_4!$J:$J,M96),"-")} -> kha | S96: =C96&"-"&D96 -> blé tendre-kha | T96: =MATCH(S96,[2]S0!$R:$R,FALSE) -> #N/A | U96: 5035.7298 | V96: 4345.5089 | W96: 5209.0714 | X96: 5054.0254 | Y96: 4325.774 | Z96: 4887.1791 | AB96: 74 | AC96: 4504.8494 | AD96: 74 | AE96: 4264.0359 | AH96: =IF(AND(E96=0,U96=0),"ok 0",(E96/U96-1)*100) -> -5.3699576 | AI96: =IF(AND(F96=0,V96=0),"ok 0",(F96/V96-1)*100) -> -2.9968622 | AJ96: =IF(AND(G96=0,W96=0),"ok 0",(G96/W96-1)*100) -> -8.0705934 | AK96: =IF(AND(H96=0,X96=0),"ok 0",(H96/X96-1)*100) -> -8.1339039 | AL96: =IF(AND(I96=0,Y96=0),"ok 0",(I96/Y96-1)*100) -> -3.1627675 | AM96: =IF(AND(J96=0,Z96=0),"ok 0",(J96/Z96-1)*100) -> 0.78885885 | AN96: S0 : révision tendances ; autres : révision ppoint de départ
A97: Utilisation du territoire | B97: Détail SAU | C97: blé dur | D97: kha | E97: =SUMIFS(ADEME!$F:$F,ADEME!$A:$A,$A97,ADEME!$B:$B,$B97,ADEME!$C:$C,$C97,ADEME!$D:$D,$D97,ADEME!$E:$E,F$9) -> 279.6788 | F97: =SUMIFS(ADEME!$L:$L,ADEME!$A:$A,$A97,ADEME!$B:$B,$B97,ADEME!$C:$C,$C97,ADEME!$D:$D,$D97,ADEME!$E:$E,F$9) -> 247.39705 | G97: =SUMIFS(ADEME!$L:$L,ADEME!$A:$A,$A97,ADEME!$B:$B,$B97,ADEME!$C:$C,$C97,ADEME!$D:$D,$D97,ADEME!$E:$E,G$9) -> 281.04953 | H97: =SUMIFS(ADEME!$L:$L,ADEME!$A:$A,$A97,ADEME!$B:$B,$B97,ADEME!$C:$C,$C97,ADEME!$D:$D,$D97,ADEME!$E:$E,H$9) -> 272.49641 | I97: =SUMIFS(ADEME!$L:$L,ADEME!$A:$A,$A97,ADEME!$B:$B,$B97,ADEME!$C:$C,$C97,ADEME!$D:$D,$D97,ADEME!$E:$E,I$9) -> 245.85231 | J97: =SUMIFS(ADEME!$L:$L,ADEME!$A:$A,$A97,ADEME!$B:$B,$B97,ADEME!$C:$C,$C97,ADEME!$D:$D,$D97,ADEME!$E:$E,J$9) -> 289.09387 | L97: =A97&"-"&B97&"-"&C97 -> Utilisation du territoire-Détail SAU-blé dur | M97: =MATCH(L97,[6]RESULTATS_4!$W:$W,FALSE) -> 540 | N97: {=IFERROR(INDEX([6]RESULTATS_4!G:G,$M97),"-")} -> Utilisation du territoire | O97: {=IFERROR(INDEX([6]RESULTATS_4!H:H,$M97),"-")} -> Détail SAU | P97: {=IFERROR(INDEX([6]RESULTATS_4!I:I,$M97),"-")} -> blé dur | Q97: {=IFERROR(INDEX([6]RESULTATS_4!$J:$J,M97),"-")} -> kha | S97: =C97&"-"&D97 -> blé dur-kha | T97: =MATCH(S97,[2]S0!$R:$R,FALSE) -> #N/A | U97: 361.4285 | V97: 311.88941 | W97: 373.86972 | X97: 362.74163 | Y97: 310.47298 | Z97: 350.7666 | AB97: 75 | AC97: 372.7462 | AD97: 75 | AE97: 267.48452 | AH97: =IF(AND(E97=0,U97=0),"ok 0",(E97/U97-1)*100) -> -22.618499 | AI97: =IF(AND(F97=0,V97=0),"ok 0",(F97/V97-1)*100) -> -20.677955 | AJ97: =IF(AND(G97=0,W97=0),"ok 0",(G97/W97-1)*100) -> -24.82688 | AK97: =IF(AND(H97=0,X97=0),"ok 0",(H97/X97-1)*100) -> -24.878651 | AL97: =IF(AND(I97=0,Y97=0),"ok 0",(I97/Y97-1)*100) -> -20.813621 | AM97: =IF(AND(J97=0,Z97=0),"ok 0",(J97/Z97-1)*100) -> -17.582271 | AN97: S0 : révision tendances ; autres : révision ppoint de départ
A98: Utilisation du territoire | B98: Détail SAU | C98: maïs (grain et semence) | D98: kha | E98: =SUMIFS(ADEME!$F:$F,ADEME!$A:$A,$A98,ADEME!$B:$B,$B98,ADEME!$C:$C,$C98,ADEME!$D:$D,$D98,ADEME!$E:$E,F$9) -> 1540.4264 | F98: =SUMIFS(ADEME!$L:$L,ADEME!$A:$A,$A98,ADEME!$B:$B,$B98,ADEME!$C:$C,$C98,ADEME!$D:$D,$D98,ADEME!$E:$E,F$9) -> 943.34721 | G98: =SUMIFS(ADEME!$L:$L,ADEME!$A:$A,$A98,ADEME!$B:$B,$B98,ADEME!$C:$C,$C98,ADEME!$D:$D,$D98,ADEME!$E:$E,G$9) -> 1023.4349 | H98: =SUMIFS(ADEME!$L:$L,ADEME!$A:$A,$A98,ADEME!$B:$B,$B98,ADEME!$C:$C,$C98,ADEME!$D:$D,$D98,ADEME!$E:$E,H$9) -> 962.25389 | I98: =SUMIFS(ADEME!$L:$L,ADEME!$A:$A,$A98,ADEME!$B:$B,$B98,ADEME!$C:$C,$C98,ADEME!$D:$D,$D98,ADEME!$E:$E,I$9) -> 1323.6991 | J98: =SUMIFS(ADEME!$L:$L,ADEME!$A:$A,$A98,ADEME!$B:$B,$B98,ADEME!$C:$C,$C98,ADEME!$D:$D,$D98,ADEME!$E:$E,J$9) -> 1599.8975 | L98: =A98&"-"&B98&"-"&C98 -> Utilisation du territoire-Détail SAU-maïs (grain et semence) | M98: =MATCH(L98,[6]RESULTATS_4!$W:$W,FALSE) -> 555 | N98: {=IFERROR(INDEX([6]RESULTATS_4!G:G,$M98),"-")} -> Utilisation du territoire | O98: {=IFERROR(INDEX([6]RESULTATS_4!H:H,$M98),"-")} -> Détail SAU | P98: {=IFERROR(INDEX([6]RESULTATS_4!I:I,$M98),"-")} -> maïs (grain et semence) | Q98: {=IFERROR(INDEX([6]RESULTATS_4!$J:$J,M98),"-")} -> kha | S98: =C98&"-"&D98 -> maïs (grain et semence)-kha | T98: =MATCH(S98,[2]S0!$R:$R,FALSE) -> #N/A | U98: 1485.1802 | V98: 1281.6144 | W98: 1015.7177 | X98: 955.65615 | Y98: 1247.137 | Z98: 1448.2612 | AB98: 76 | AC98: 1420.2042 | AD98: 76 | AE98: 1504.1934 | AH98: =IF(AND(E98=0,U98=0),"ok 0",(E98/U98-1)*100) -> 3.7198279 | AI98: =IF(AND(F98=0,V98=0),"ok 0",(F98/V98-1)*100) -> -26.393838 | AJ98: =IF(AND(G98=0,W98=0),"ok 0",(G98/W98-1)*100) -> 0.75977976 | AK98: =IF(AND(H98=0,X98=0),"ok 0",(H98/X98-1)*100) -> 0.69038788 | AL98: =IF(AND(I98=0,Y98=0),"ok 0",(I98/Y98-1)*100) -> 6.1390319 | AM98: =IF(AND(J98=0,Z98=0),"ok 0",(J98/Z98-1)*100) -> 10.470236 | AN98: S0 : révision tendances ; autres : révision ppoint de départ
A99: Utilisation du territoire | B99: Détail SAU | C99: Orge et escourgeon | D99: kha | E99: =SUMIFS(ADEME!$F:$F,ADEME!$A:$A,$A99,ADEME!$B:$B,$B99,ADEME!$C:$C,$C99,ADEME!$D:$D,$D99,ADEME!$E:$E,F$9) -> 1856.6634 | F99: =SUMIFS(ADEME!$L:$L,ADEME!$A:$A,$A99,ADEME!$B:$B,$B99,ADEME!$C:$C,$C99,ADEME!$D:$D,$D99,ADEME!$E:$E,F$9) -> 1642.3592 | G99: =SUMIFS(ADEME!$L:$L,ADEME!$A:$A,$A99,ADEME!$B:$B,$B99,ADEME!$C:$C,$C99,ADEME!$D:$D,$D99,ADEME!$E:$E,G$9) -> 1865.7631 | H99: =SUMIFS(ADEME!$L:$L,ADEME!$A:$A,$A99,ADEME!$B:$B,$B99,ADEME!$C:$C,$C99,ADEME!$D:$D,$D99,ADEME!$E:$E,H$9) -> 1808.9827 | I99: =SUMIFS(ADEME!$L:$L,ADEME!$A:$A,$A99,ADEME!$B:$B,$B99,ADEME!$C:$C,$C99,ADEME!$D:$D,$D99,ADEME!$E:$E,I$9) -> 1632.1044 | J99: =SUMIFS(ADEME!$L:$L,ADEME!$A:$A,$A99,ADEME!$B:$B,$B99,ADEME!$C:$C,$C99,ADEME!$D:$D,$D99,ADEME!$E:$E,J$9) -> 1919.1659 | L99: =A99&"-"&B99&"-"&C99 -> Utilisation du territoire-Détail SAU-Orge et escourgeon | M99: =MATCH(L99,[6]RESULTATS_4!$W:$W,FALSE) -> 558 | N99: {=IFERROR(INDEX([6]RESULTATS_4!G:G,$M99),"-")} -> Utilisation du territoire | O99: {=IFERROR(INDEX([6]RESULTATS_4!H:H,$M99),"-")} -> Détail SAU | P99: {=IFERROR(INDEX([6]RESULTATS_4!I:I,$M99),"-")} -> Orge et escourgeon | Q99: {=IFERROR(INDEX([6]RESULTATS_4!$J:$J,M99),"-")} -> kha | S99: =C99&"-"&D99 -> Orge et escourgeon-kha | T99: =MATCH(S99,[2]S0!$R:$R,FALSE) -> #N/A | U99: 1857.2703 | V99: 1602.704 | W99: 1921.2019 | X99: 1864.018 | Y99: 1595.4254 | Z99: 1802.482 | AB99: 77 | AC99: 1714.9148 | AD99: 77 | AE99: 1792.5518 | AH99: =IF(AND(E99=0,U99=0),"ok 0",(E99/U99-1)*100) -> -0.032674297 | AI99: =IF(AND(F99=0,V99=0),"ok 0",(F99/V99-1)*100) -> 2.4742673 | AJ99: =IF(AND(G99=0,W99=0),"ok 0",(G99/W99-1)*100) -> -2.8856303 | AK99: =IF(AND(H99=0,X99=0),"ok 0",(H99/X99-1)*100) -> -2.9525116 | AL99: =IF(AND(I99=0,Y99=0),"ok 0",(I99/Y99-1)*100) -> 2.2990048 | AM99: =IF(AND(J99=0,Z99=0),"ok 0",(J99/Z99-1)*100) -> 6.473509 | AN99: S0 : révision tendances ; autres : révision ppoint de départ
A100: Utilisation du territoire | B100: Détail SAU | C100: triticale | D100: kha | E100: =SUMIFS(ADEME!$F:$F,ADEME!$A:$A,$A100,ADEME!$B:$B,$B100,ADEME!$C:$C,$C100,ADEME!$D:$D,$D100,ADEME!$E:$E,F$9) -> 305.785 | F100: =SUMIFS(ADEME!$L:$L,ADEME!$A:$A,$A100,ADEME!$B:$B,$B100,ADEME!$C:$C,$C100,ADEME!$D:$D,$D100,ADEME!$E:$E,F$9) -> 270.48996 | G100: =SUMIFS(ADEME!$L:$L,ADEME!$A:$A,$A100,ADEME!$B:$B,$B100,ADEME!$C:$C,$C100,ADEME!$D:$D,$D100,ADEME!$E:$E,G$9) -> 307.28368 | H100: =SUMIFS(ADEME!$L:$L,ADEME!$A:$A,$A100,ADEME!$B:$B,$B100,ADEME!$C:$C,$C100,ADEME!$D:$D,$D100,ADEME!$E:$E,H$9) -> 297.93218 | I100: =SUMIFS(ADEME!$L:$L,ADEME!$A:$A,$A100,ADEME!$B:$B,$B100,ADEME!$C:$C,$C100,ADEME!$D:$D,$D100,ADEME!$E:$E,I$9) -> 268.80103 | J100: =SUMIFS(ADEME!$L:$L,ADEME!$A:$A,$A100,ADEME!$B:$B,$B100,ADEME!$C:$C,$C100,ADEME!$D:$D,$D100,ADEME!$E:$E,J$9) -> 316.0789 | L100: =A100&"-"&B100&"-"&C100 -> Utilisation du territoire-Détail SAU-triticale | M100: =MATCH(L100,[6]RESULTATS_4!$W:$W,FALSE) -> 570 | N100: {=IFERROR(INDEX([6]RESULTATS_4!G:G,$M100),"-")} -> Utilisation du territoire | O100: {=IFERROR(INDEX([6]RESULTATS_4!H:H,$M100),"-")} -> Détail SAU | P100: {=IFERROR(INDEX([6]RESULTATS_4!I:I,$M100),"-")} -> triticale | Q100: {=IFERROR(INDEX([6]RESULTATS_4!$J:$J,M100),"-")} -> kha | S100: =C100&"-"&D100 -> triticale-kha | T100: =MATCH(S100,[2]S0!$R:$R,FALSE) -> #N/A | U100: 315.5585 | V100: 272.30657 | W100: 326.42077 | X100: 316.70498 | Y100: 271.0699 | Z100: 306.24973 | AB100: 78 | AC100: 278.51605 | AD100: 78 | AE100: 264.97187 | AH100: =IF(AND(E100=0,U100=0),"ok 0",(E100/U100-1)*100) -> -3.097207 | AI100: =IF(AND(F100=0,V100=0),"ok 0",(F100/V100-1)*100) -> -0.66711653 | AJ100: =IF(AND(G100=0,W100=0),"ok 0",(G100/W100-1)*100) -> -5.8627046 | AK100: =IF(AND(H100=0,X100=0),"ok 0",(H100/X100-1)*100) -> -5.9275357 | AL100: =IF(AND(I100=0,Y100=0),"ok 0",(I100/Y100-1)*100) -> -0.83700638 | AM100: =IF(AND(J100=0,Z100=0),"ok 0",(J100/Z100-1)*100) -> 3.209527 | AN100: S0 : révision tendances ; autres : révision ppoint de départ
A101: Utilisation du territoire | B101: Détail SAU | C101: Oléagineux | D101: kha | E101: =SUMIFS(ADEME!$F:$F,ADEME!$A:$A,$A101,ADEME!$B:$B,$B101,ADEME!$C:$C,$C101,ADEME!$D:$D,$D101,ADEME!$E:$E,F$9) -> 2116.4042 | F101: =SUMIFS(ADEME!$L:$L,ADEME!$A:$A,$A101,ADEME!$B:$B,$B101,ADEME!$C:$C,$C101,ADEME!$D:$D,$D101,ADEME!$E:$E,F$9) -> 2060.311 | G101: =SUMIFS(ADEME!$L:$L,ADEME!$A:$A,$A101,ADEME!$B:$B,$B101,ADEME!$C:$C,$C101,ADEME!$D:$D,$D101,ADEME!$E:$E,G$9) -> 2691.8174 | H101: =SUMIFS(ADEME!$L:$L,ADEME!$A:$A,$A101,ADEME!$B:$B,$B101,ADEME!$C:$C,$C101,ADEME!$D:$D,$D101,ADEME!$E:$E,H$9) -> 2438.626 | I101: =SUMIFS(ADEME!$L:$L,ADEME!$A:$A,$A101,ADEME!$B:$B,$B101,ADEME!$C:$C,$C101,ADEME!$D:$D,$D101,ADEME!$E:$E,I$9) -> 1860.4301 | J101: =SUMIFS(ADEME!$L:$L,ADEME!$A:$A,$A101,ADEME!$B:$B,$B101,ADEME!$C:$C,$C101,ADEME!$D:$D,$D101,ADEME!$E:$E,J$9) -> 2034.4665 | L101: =A101&"-"&B101&"-"&C101 -> Utilisation du territoire-Détail SAU-Oléagineux | M101: =MATCH(L101,[6]RESULTATS_4!$W:$W,FALSE) -> 557 | N101: {=IFERROR(INDEX([6]RESULTATS_4!G:G,$M101),"-")} -> Utilisation du territoire | O101: {=IFERROR(INDEX([6]RESULTATS_4!H:H,$M101),"-")} -> Détail SAU | P101: {=IFERROR(INDEX([6]RESULTATS_4!I:I,$M101),"-")} -> Oléagineux | Q101: {=IFERROR(INDEX([6]RESULTATS_4!$J:$J,M101),"-")} -> kha | S101: =C101&"-"&D101 -> Oléagineux-kha | T101: =MATCH(S101,[2]S0!$R:$R,FALSE) -> #N/A | U101: 2265.3677 | V101: 2014.7027 | W101: 2930.2889 | X101: 2645.3089 | Y101: 1945.9879 | Z101: 2044.5944 | AB101: 79 | AC101: 2624.2983 | AD101: 79 | AE101: 2384.1506 | AH101: =IF(AND(E101=0,U101=0),"ok 0",(E101/U101-1)*100) -> -6.5756895 | AI101: =IF(AND(F101=0,V101=0),"ok 0",(F101/V101-1)*100) -> 2.263775 | AJ101: =IF(AND(G101=0,W101=0),"ok 0",(G101/W101-1)*100) -> -8.1381548 | AK101: =IF(AND(H101=0,X101=0),"ok 0",(H101/X101-1)*100) -> -7.813186 | AL101: =IF(AND(I101=0,Y101=0),"ok 0",(I101/Y101-1)*100) -> -4.3966225 | AM101: =IF(AND(J101=0,Z101=0),"ok 0",(J101/Z101-1)*100) -> -0.4953459 | AN101: S0 : révision tendances ; autres : révision ppoint de départ
A102: Utilisation du territoire | B102: Détail SAU | C102: colza | D102: kha | E102: =SUMIFS(ADEME!$F:$F,ADEME!$A:$A,$A102,ADEME!$B:$B,$B102,ADEME!$C:$C,$C102,ADEME!$D:$D,$D102,ADEME!$E:$E,F$9) -> 1209.3672 | F102: =SUMIFS(ADEME!$L:$L,ADEME!$A:$A,$A102,ADEME!$B:$B,$B102,ADEME!$C:$C,$C102,ADEME!$D:$D,$D102,ADEME!$E:$E,F$9) -> 985.63702 | G102: =SUMIFS(ADEME!$L:$L,ADEME!$A:$A,$A102,ADEME!$B:$B,$B102,ADEME!$C:$C,$C102,ADEME!$D:$D,$D102,ADEME!$E:$E,G$9) -> 1458.3533 | H102: =SUMIFS(ADEME!$L:$L,ADEME!$A:$A,$A102,ADEME!$B:$B,$B102,ADEME!$C:$C,$C102,ADEME!$D:$D,$D102,ADEME!$E:$E,H$9) -> 1296.1406 | I102: =SUMIFS(ADEME!$L:$L,ADEME!$A:$A,$A102,ADEME!$B:$B,$B102,ADEME!$C:$C,$C102,ADEME!$D:$D,$D102,ADEME!$E:$E,I$9) -> 1063.0971 | J102: =SUMIFS(ADEME!$L:$L,ADEME!$A:$A,$A102,ADEME!$B:$B,$B102,ADEME!$C:$C,$C102,ADEME!$D:$D,$D102,ADEME!$E:$E,J$9) -> 1162.5459 | L102: =A102&"-"&B102&"-"&C102 -> Utilisation du territoire-Détail SAU-colza | M102: =MATCH(L102,[6]RESULTATS_4!$W:$W,FALSE) -> 544 | N102: {=IFERROR(INDEX([6]RESULTATS_4!G:G,$M102),"-")} -> Utilisation du territoire | O102: {=IFERROR(INDEX([6]RESULTATS_4!H:H,$M102),"-")} -> Détail SAU | P102: {=IFERROR(INDEX([6]RESULTATS_4!I:I,$M102),"-")} -> colza | Q102: {=IFERROR(INDEX([6]RESULTATS_4!$J:$J,M102),"-")} -> kha | S102: =C102&"-"&D102 -> colza-kha | T102: =MATCH(S102,[2]S0!$R:$R,FALSE) -> #N/A | U102: 1518.5793 | V102: 1310.4356 | W102: 1885.0228 | X102: 1676.5062 | Y102: 1304.4843 | Z102: 1370.5848 | AB102: 80 | AC102: 1084.1483 | AD102: 80 | AE102: 1044.7399 | AH102: =IF(AND(E102=0,U102=0),"ok 0",(E102/U102-1)*100) -> -20.36193 | AI102: =IF(AND(F102=0,V102=0),"ok 0",(F102/V102-1)*100) -> -24.785544 | AJ102: =IF(AND(G102=0,W102=0),"ok 0",(G102/W102-1)*100) -> -22.634712 | AK102: =IF(AND(H102=0,X102=0),"ok 0",(H102/X102-1)*100) -> -22.687992 | AL102: =IF(AND(I102=0,Y102=0),"ok 0",(I102/Y102-1)*100) -> -18.504419 | AM102: =IF(AND(J102=0,Z102=0),"ok 0",(J102/Z102-1)*100) -> -15.178838 | AN102: S0 : révision tendances ; autres : révision ppoint de départ
A103: Utilisation du territoire | B103: Détail SAU | C103: tournesol | D103: kha | E103: =SUMIFS(ADEME!$F:$F,ADEME!$A:$A,$A103,ADEME!$B:$B,$B103,ADEME!$C:$C,$C103,ADEME!$D:$D,$D103,ADEME!$E:$E,F$9) -> 699.7712 | F103: =SUMIFS(ADEME!$L:$L,ADEME!$A:$A,$A103,ADEME!$B:$B,$B103,ADEME!$C:$C,$C103,ADEME!$D:$D,$D103,ADEME!$E:$E,F$9) -> 570.31512 | G103: =SUMIFS(ADEME!$L:$L,ADEME!$A:$A,$A103,ADEME!$B:$B,$B103,ADEME!$C:$C,$C103,ADEME!$D:$D,$D103,ADEME!$E:$E,G$9) -> 843.84101 | H103: =SUMIFS(ADEME!$L:$L,ADEME!$A:$A,$A103,ADEME!$B:$B,$B103,ADEME!$C:$C,$C103,ADEME!$D:$D,$D103,ADEME!$E:$E,H$9) -> 749.98052 | I103: =SUMIFS(ADEME!$L:$L,ADEME!$A:$A,$A103,ADEME!$B:$B,$B103,ADEME!$C:$C,$C103,ADEME!$D:$D,$D103,ADEME!$E:$E,I$9) -> 615.13553 | J103: =SUMIFS(ADEME!$L:$L,ADEME!$A:$A,$A103,ADEME!$B:$B,$B103,ADEME!$C:$C,$C103,ADEME!$D:$D,$D103,ADEME!$E:$E,J$9) -> 672.6792 | L103: =A103&"-"&B103&"-"&C103 -> Utilisation du territoire-Détail SAU-tournesol | M103: =MATCH(L103,[6]RESULTATS_4!$W:$W,FALSE) -> 569 | N103: {=IFERROR(INDEX([6]RESULTATS_4!G:G,$M103),"-")} -> Utilisation du territoire | O103: {=IFERROR(INDEX([6]RESULTATS_4!H:H,$M103),"-")} -> Détail SAU | P103: {=IFERROR(INDEX([6]RESULTATS_4!I:I,$M103),"-")} -> tournesol | Q103: {=IFERROR(INDEX([6]RESULTATS_4!$J:$J,M103),"-")} -> kha | S103: =C103&"-"&D103 -> tournesol-kha | T103: =MATCH(S103,[2]S0!$R:$R,FALSE) -> #N/A | U103: 573.50925 | V103: 494.90137 | W103: 711.90095 | X103: 633.1522 | Y103: 492.6538 | Z103: 517.6174 | AB103: 81 | AC103: 899.87433 | AD103: 81 | AE103: 801.54814 | AH103: =IF(AND(E103=0,U103=0),"ok 0",(E103/U103-1)*100) -> 22.015678 | AI103: =IF(AND(F103=0,V103=0),"ok 0",(F103/V103-1)*100) -> 15.238138 | AJ103: =IF(AND(G103=0,W103=0),"ok 0",(G103/W103-1)*100) -> 18.533487 | AK103: =IF(AND(H103=0,X103=0),"ok 0",(H103/X103-1)*100) -> 18.451854 | AL103: =IF(AND(I103=0,Y103=0),"ok 0",(I103/Y103-1)*100) -> 24.861622 | AM103: =IF(AND(J103=0,Z103=0),"ok 0",(J103/Z103-1)*100) -> 29.956836 | AN103: S0 : révision tendances ; autres : révision ppoint de départ
A104: Utilisation du territoire | B104: Détail SAU | C104: soja | D104: kha | E104: =SUMIFS(ADEME!$F:$F,ADEME!$A:$A,$A104,ADEME!$B:$B,$B104,ADEME!$C:$C,$C104,ADEME!$D:$D,$D104,ADEME!$E:$E,F$9) -> 168.6018 | F104: =SUMIFS(ADEME!$L:$L,ADEME!$A:$A,$A104,ADEME!$B:$B,$B104,ADEME!$C:$C,$C104,ADEME!$D:$D,$D104,ADEME!$E:$E,F$9) -> 472.84762 | G104: =SUMIFS(ADEME!$L:$L,ADEME!$A:$A,$A104,ADEME!$B:$B,$B104,ADEME!$C:$C,$C104,ADEME!$D:$D,$D104,ADEME!$E:$E,G$9) -> 342.99892 | H104: =SUMIFS(ADEME!$L:$L,ADEME!$A:$A,$A104,ADEME!$B:$B,$B104,ADEME!$C:$C,$C104,ADEME!$D:$D,$D104,ADEME!$E:$E,H$9) -> 351.06673 | I104: =SUMIFS(ADEME!$L:$L,ADEME!$A:$A,$A104,ADEME!$B:$B,$B104,ADEME!$C:$C,$C104,ADEME!$D:$D,$D104,ADEME!$E:$E,I$9) -> 148.20981 | J104: =SUMIFS(ADEME!$L:$L,ADEME!$A:$A,$A104,ADEME!$B:$B,$B104,ADEME!$C:$C,$C104,ADEME!$D:$D,$D104,ADEME!$E:$E,J$9) -> 162.0743 | L104: =A104&"-"&B104&"-"&C104 -> Utilisation du territoire-Détail SAU-soja | M104: =MATCH(L104,[6]RESULTATS_4!$W:$W,FALSE) -> 566 | N104: {=IFERROR(INDEX([6]RESULTATS_4!G:G,$M104),"-")} -> Utilisation du territoire | O104: {=IFERROR(INDEX([6]RESULTATS_4!H:H,$M104),"-")} -> Détail SAU | P104: {=IFERROR(INDEX([6]RESULTATS_4!I:I,$M104),"-")} -> soja | Q104: {=IFERROR(INDEX([6]RESULTATS_4!$J:$J,M104),"-")} -> kha | S104: =C104&"-"&D104 -> soja-kha | T104: =MATCH(S104,[2]S0!$R:$R,FALSE) -> #N/A | U104: 138.68225 | V104: 179.51071 | W104: 290.41965 | X104: 297.45558 | Y104: 119.13032 | Z104: 125.16685 | AB104: 82 | AC104: 553.47761 | AD104: 82 | AE104: 496.47284 | AH104: =IF(AND(E104=0,U104=0),"ok 0",(E104/U104-1)*100) -> 21.574174 | AI104: =IF(AND(F104=0,V104=0),"ok 0",(F104/V104-1)*100) -> 163.40914 | AJ104: =IF(AND(G104=0,W104=0),"ok 0",(G104/W104-1)*100) -> 18.104583 | AK104: =IF(AND(H104=0,X104=0),"ok 0",(H104/X104-1)*100) -> 18.023246 | AL104: =IF(AND(I104=0,Y104=0),"ok 0",(I104/Y104-1)*100) -> 24.40982 | AM104: =IF(AND(J104=0,Z104=0),"ok 0",(J104/Z104-1)*100) -> 29.486598 | AN104: S0 : révision tendances ; autres : révision ppoint de départ
A105: Utilisation du territoire | B105: Détail SAU | C105: Protéagineux | D105: kha | E105: =SUMIFS(ADEME!$F:$F,ADEME!$A:$A,$A105,ADEME!$B:$B,$B105,ADEME!$C:$C,$C105,ADEME!$D:$D,$D105,ADEME!$E:$E,F$9) -> 239.2334 | F105: =SUMIFS(ADEME!$L:$L,ADEME!$A:$A,$A105,ADEME!$B:$B,$B105,ADEME!$C:$C,$C105,ADEME!$D:$D,$D105,ADEME!$E:$E,F$9) -> 153.8224 | G105: =SUMIFS(ADEME!$L:$L,ADEME!$A:$A,$A105,ADEME!$B:$B,$B105,ADEME!$C:$C,$C105,ADEME!$D:$D,$D105,ADEME!$E:$E,G$9) -> 292.01396 | H105: =SUMIFS(ADEME!$L:$L,ADEME!$A:$A,$A105,ADEME!$B:$B,$B105,ADEME!$C:$C,$C105,ADEME!$D:$D,$D105,ADEME!$E:$E,H$9) -> 996.2751 | I105: =SUMIFS(ADEME!$L:$L,ADEME!$A:$A,$A105,ADEME!$B:$B,$B105,ADEME!$C:$C,$C105,ADEME!$D:$D,$D105,ADEME!$E:$E,I$9) -> 210.29869 | J105: =SUMIFS(ADEME!$L:$L,ADEME!$A:$A,$A105,ADEME!$B:$B,$B105,ADEME!$C:$C,$C105,ADEME!$D:$D,$D105,ADEME!$E:$E,J$9) -> 229.97136 | L105: =A105&"-"&B105&"-"&C105 -> Utilisation du territoire-Détail SAU-Protéagineux | M105: =MATCH(L105,[6]RESULTATS_4!$W:$W,FALSE) -> 565 | N105: {=IFERROR(INDEX([6]RESULTATS_4!G:G,$M105),"-")} -> Utilisation du territoire | O105: {=IFERROR(INDEX([6]RESULTATS_4!H:H,$M105),"-")} -> Détail SAU | P105: {=IFERROR(INDEX([6]RESULTATS_4!I:I,$M105),"-")} -> Protéagineux | Q105: {=IFERROR(INDEX([6]RESULTATS_4!$J:$J,M105),"-")} -> kha | S105: =C105&"-"&D105 -> Protéagineux-kha | T105: =MATCH(S105,[2]S0!$R:$R,FALSE) -> #N/A | U105: 273.86925 | V105: 354.49716 | W105: 344.11187 | X105: 1174.8286 | Y105: 235.25815 | Z105: 247.17908 | AB105: 83 | AC105: 770.39452 | AD105: 83 | AE105: 678.48414 | AH105: =IF(AND(E105=0,U105=0),"ok 0",(E105/U105-1)*100) -> -12.646856 | AI105: =IF(AND(F105=0,V105=0),"ok 0",(F105/V105-1)*100) -> -56.608285 | AJ105: =IF(AND(G105=0,W105=0),"ok 0",(G105/W105-1)*100) -> -15.139817 | AK105: =IF(AND(H105=0,X105=0),"ok 0",(H105/X105-1)*100) -> -15.198259 | AL105: =IF(AND(I105=0,Y105=0),"ok 0",(I105/Y105-1)*100) -> -10.609395 | AM105: =IF(AND(J105=0,Z105=0),"ok 0",(J105/Z105-1)*100) -> -6.9616428 | AN105: S0 : révision tendances ; autres : révision ppoint de départ
A106: Utilisation du territoire | B106: Détail SAU | C106: Féveroles et fèves | D106: kha | E106: =SUMIFS(ADEME!$F:$F,ADEME!$A:$A,$A106,ADEME!$B:$B,$B106,ADEME!$C:$C,$C106,ADEME!$D:$D,$D106,ADEME!$E:$E,F$9) -> 68.5564 | F106: =SUMIFS(ADEME!$L:$L,ADEME!$A:$A,$A106,ADEME!$B:$B,$B106,ADEME!$C:$C,$C106,ADEME!$D:$D,$D106,ADEME!$E:$E,F$9) -> 44.080424 | G106: =SUMIFS(ADEME!$L:$L,ADEME!$A:$A,$A106,ADEME!$B:$B,$B106,ADEME!$C:$C,$C106,ADEME!$D:$D,$D106,ADEME!$E:$E,G$9) -> 83.681567 | H106: =SUMIFS(ADEME!$L:$L,ADEME!$A:$A,$A106,ADEME!$B:$B,$B106,ADEME!$C:$C,$C106,ADEME!$D:$D,$D106,ADEME!$E:$E,H$9) -> 285.49958 | I106: =SUMIFS(ADEME!$L:$L,ADEME!$A:$A,$A106,ADEME!$B:$B,$B106,ADEME!$C:$C,$C106,ADEME!$D:$D,$D106,ADEME!$E:$E,I$9) -> 60.264665 | J106: =SUMIFS(ADEME!$L:$L,ADEME!$A:$A,$A106,ADEME!$B:$B,$B106,ADEME!$C:$C,$C106,ADEME!$D:$D,$D106,ADEME!$E:$E,J$9) -> 65.902204 | L106: =A106&"-"&B106&"-"&C106 -> Utilisation du territoire-Détail SAU-Féveroles et fèves | M106: =MATCH(L106,[6]RESULTATS_4!$W:$W,FALSE) -> 550 | N106: {=IFERROR(INDEX([6]RESULTATS_4!G:G,$M106),"-")} -> Utilisation du territoire | O106: {=IFERROR(INDEX([6]RESULTATS_4!H:H,$M106),"-")} -> Détail SAU | P106: {=IFERROR(INDEX([6]RESULTATS_4!I:I,$M106),"-")} -> Féveroles et fèves | Q106: {=IFERROR(INDEX([6]RESULTATS_4!$J:$J,M106),"-")} -> kha | S106: =C106&"-"&D106 -> Féveroles et fèves-kha | T106: =MATCH(S106,[2]S0!$R:$R,FALSE) -> #N/A | U106: 74.81075 | V106: 96.835254 | W106: 93.998383 | X106: 320.91886 | Y106: 64.263655 | Z106: 67.520003 | AB106: 84 | AC106: 189.06686 | AD106: 84 | AE106: 166.51061 | AH106: =IF(AND(E106=0,U106=0),"ok 0",(E106/U106-1)*100) -> -8.360229 | AI106: =IF(AND(F106=0,V106=0),"ok 0",(F106/V106-1)*100) -> -54.47895 | AJ106: =IF(AND(G106=0,W106=0),"ok 0",(G106/W106-1)*100) -> -10.975526 | AK106: =IF(AND(H106=0,X106=0),"ok 0",(H106/X106-1)*100) -> -11.036836 | AL106: =IF(AND(I106=0,Y106=0),"ok 0",(I106/Y106-1)*100) -> -6.2227852 | AM106: =IF(AND(J106=0,Z106=0),"ok 0",(J106/Z106-1)*100) -> -2.3960287 | AN106: S0 : révision tendances ; autres : révision ppoint de départ
... A126: Utilisation du territoire | B126: Détail SAU | C126: Jachères | D126: kha | E126: =SUMIFS(ADEME!$F:$F,ADEME!$A:$A,$A126,ADEME!$B:$B,$B126,ADEME!$C:$C,$C126,ADEME!$D:$D,$D126,ADEME!$E:$E,F$9) -> 411.7852 | F126: =SUMIFS(ADEME!$L:$L,ADEME!$A:$A,$A126,ADEME!$B:$B,$B126,ADEME!$C:$C,$C126,ADEME!$D:$D,$D126,ADEME!$E:$E,F$9) -> 409.27546 | G126: =SUMIFS(ADEME!$L:$L,ADEME!$A:$A,$A126,ADEME!$B:$B,$B126,ADEME!$C:$C,$C126,ADEME!$D:$D,$D126,ADEME!$E:$E,G$9) -> 413.8034 | H126: =SUMIFS(ADEME!$L:$L,ADEME!$A:$A,$A126,ADEME!$B:$B,$B126,ADEME!$C:$C,$C126,ADEME!$D:$D,$D126,ADEME!$E:$E,H$9) -> 401.2102 | I126: =SUMIFS(ADEME!$L:$L,ADEME!$A:$A,$A126,ADEME!$B:$B,$B126,ADEME!$C:$C,$C126,ADEME!$D:$D,$D126,ADEME!$E:$E,I$9) -> 372.47357 | J126: =SUMIFS(ADEME!$L:$L,ADEME!$A:$A,$A126,ADEME!$B:$B,$B126,ADEME!$C:$C,$C126,ADEME!$D:$D,$D126,ADEME!$E:$E,J$9) -> 407.31711 | L126: =A126&"-"&B126&"-"&C126 -> Utilisation du territoire-Détail SAU-Jachères | M126: =MATCH(L126,[6]RESULTATS_4!$W:$W,FALSE) -> 551 | N126: {=IFERROR(INDEX([6]RESULTATS_4!G:G,$M126),"-")} -> Utilisation du territoire | O126: {=IFERROR(INDEX([6]RESULTATS_4!H:H,$M126),"-")} -> Détail SAU | P126: {=IFERROR(INDEX([6]RESULTATS_4!I:I,$M126),"-")} -> Jachères | Q126: {=IFERROR(INDEX([6]RESULTATS_4!$J:$J,M126),"-")} -> kha | S126: =C126&"-"&D126 -> Jachères-kha | T126: =MATCH(S126,[2]S0!$R:$R,FALSE) -> #N/A | U126: 475.10275 | V126: 435.36086 | W126: 491.45691 | X126: 476.82888 | Y126: 419.95131 | Z126: 441.23095 | AB126: 104 | AC126: 469.44007 | AD126: 104 | AE126: 459.37162 | AH126: =IF(AND(E126=0,U126=0),"ok 0",(E126/U126-1)*100) -> -13.327128 | AI126: =IF(AND(F126=0,V126=0),"ok 0",(F126/V126-1)*100) -> -5.9916736 | AJ126: =IF(AND(G126=0,W126=0),"ok 0",(G126/W126-1)*100) -> -15.800675 | AK126: =IF(AND(H126=0,X126=0),"ok 0",(H126/X126-1)*100) -> -15.858662 | AL126: =IF(AND(I126=0,Y126=0),"ok 0",(I126/Y126-1)*100) -> -11.305534 | AM126: =IF(AND(J126=0,Z126=0),"ok 0",(J126/Z126-1)*100) -> -7.6861885 | AN126: S0 : révision tendances ; autres : révision ppoint de départ
A127: - | B127: - | C127: CHEPTELS
A128: Cheptels | B128: Productions Animales | C128: Nombre de places de porcs charcutiers | D128: Milliers effectifs | E128: =SUMIFS(ADEME!$F:$F,ADEME!$A:$A,$A128,ADEME!$B:$B,$B128,ADEME!$C:$C,$C128,ADEME!$D:$D,$D128,ADEME!$E:$E,F$9) -> 7282.4554 | F128: =SUMIFS(ADEME!$L:$L,ADEME!$A:$A,$A128,ADEME!$B:$B,$B128,ADEME!$C:$C,$C128,ADEME!$D:$D,$D128,ADEME!$E:$E,F$9) -> 4967.4185 | G128: =SUMIFS(ADEME!$L:$L,ADEME!$A:$A,$A128,ADEME!$B:$B,$B128,ADEME!$C:$C,$C128,ADEME!$D:$D,$D128,ADEME!$E:$E,G$9) -> 2548.8594 | H128: =SUMIFS(ADEME!$L:$L,ADEME!$A:$A,$A128,ADEME!$B:$B,$B128,ADEME!$C:$C,$C128,ADEME!$D:$D,$D128,ADEME!$E:$E,H$9) -> 3422.754 | I128: =SUMIFS(ADEME!$L:$L,ADEME!$A:$A,$A128,ADEME!$B:$B,$B128,ADEME!$C:$C,$C128,ADEME!$D:$D,$D128,ADEME!$E:$E,I$9) -> 4369.4732 | J128: =SUMIFS(ADEME!$L:$L,ADEME!$A:$A,$A128,ADEME!$B:$B,$B128,ADEME!$C:$C,$C128,ADEME!$D:$D,$D128,ADEME!$E:$E,J$9) -> 4442.2978 | L128: =A128&"-"&B128&"-"&C128 -> Cheptels-Productions Animales-Nombre de places de porcs charcutiers | M128: =MATCH(L128,[6]RESULTATS_4!$W:$W,FALSE) -> 227 | N128: {=IFERROR(INDEX([6]RESULTATS_4!G:G,$M128),"-")} -> Cheptels | O128: {=IFERROR(INDEX([6]RESULTATS_4!H:H,$M128),"-")} -> Productions Animales | P128: {=IFERROR(INDEX([6]RESULTATS_4!I:I,$M128),"-")} -> Nombre de places de porcs charcutiers | Q128: {=IFERROR(INDEX([6]RESULTATS_4!$J:$J,M128),"-")} -> Milliers effectifs | S128: =C128&"-"&D128 -> Nombre de places de porcs charcutiers-Milliers effectifs | T128: =MATCH(S128,[2]S0!$R:$R,FALSE) -> 124 | U128: 7151.6043 | V128: 4060.8292 | W128: 2503.0615 | X128: 3361.254 | Y128: 4290.9626 | Z128: 4362.4786 | AB128: 106 | AC128: 5207.4743 | AD128: 106 | AE128: 6695.3241 | AH128: =IF(AND(E128=0,U128=0),"ok 0",(E128/U128-1)*100) -> 1.8296743 | AI128: =IF(AND(F128=0,V128=0),"ok 0",(F128/V128-1)*100) -> 22.325224 | AJ128: =IF(AND(G128=0,W128=0),"ok 0",(G128/W128-1)*100) -> 1.8296743 | AK128: =IF(AND(H128=0,X128=0),"ok 0",(H128/X128-1)*100) -> 1.8296743 | AL128: =IF(AND(I128=0,Y128=0),"ok 0",(I128/Y128-1)*100) -> 1.8296743 | AM128: =IF(AND(J128=0,Z128=0),"ok 0",(J128/Z128-1)*100) -> 1.8296743 | AN128: S0 : révision tendances ; autres : révision ppoint de départ
A129: Cheptels | B129: Productions Animales | C129: dont porc conventionnel | D129: Milliers effectifs | E129: =SUMIFS(ADEME!$F:$F,ADEME!$A:$A,$A129,ADEME!$B:$B,$B129,ADEME!$C:$C,$C129,ADEME!$D:$D,$D129,ADEME!$E:$E,F$9) -> 6991.1572 | F129: =SUMIFS(ADEME!$L:$L,ADEME!$A:$A,$A129,ADEME!$B:$B,$B129,ADEME!$C:$C,$C129,ADEME!$D:$D,$D129,ADEME!$E:$E,F$9) -> 4570.025 | G129: =SUMIFS(ADEME!$L:$L,ADEME!$A:$A,$A129,ADEME!$B:$B,$B129,ADEME!$C:$C,$C129,ADEME!$D:$D,$D129,ADEME!$E:$E,G$9) -> 0 | H129: =SUMIFS(ADEME!$L:$L,ADEME!$A:$A,$A129,ADEME!$B:$B,$B129,ADEME!$C:$C,$C129,ADEME!$D:$D,$D129,ADEME!$E:$E,H$9) -> 0 | I129: =SUMIFS(ADEME!$L:$L,ADEME!$A:$A,$A129,ADEME!$B:$B,$B129,ADEME!$C:$C,$C129,ADEME!$D:$D,$D129,ADEME!$E:$E,I$9) -> 0 | J129: =SUMIFS(ADEME!$L:$L,ADEME!$A:$A,$A129,ADEME!$B:$B,$B129,ADEME!$C:$C,$C129,ADEME!$D:$D,$D129,ADEME!$E:$E,J$9) -> 4264.6059 | L129: =A129&"-"&B129&"-"&C129 -> Cheptels-Productions Animales-dont porc conventionnel | M129: =MATCH(L129,[6]RESULTATS_4!$W:$W,FALSE) -> 211 | N129: {=IFERROR(INDEX([6]RESULTATS_4!G:G,$M129),"-")} -> Cheptels | O129: {=IFERROR(INDEX([6]RESULTATS_4!H:H,$M129),"-")} -> Productions Animales | P129: {=IFERROR(INDEX([6]RESULTATS_4!I:I,$M129),"-")} -> dont porc conventionnel | Q129: {=IFERROR(INDEX([6]RESULTATS_4!$J:$J,M129),"-")} -> Milliers effectifs | S129: =C129&"-"&D129 -> dont porc conventionnel-Milliers effectifs | T129: =MATCH(S129,[2]S0!$R:$R,FALSE) -> #N/A | U129: 6865.5402 | V129: 3735.9629 | W129: 0 | X129: 0 | Y129: 0 | Z129: 4187.9795 | AB129: 107 | AC129: 4374.2784 | AD129: 107 | AE129: 6226.6514 | AH129: =IF(AND(E129=0,U129=0),"ok 0",(E129/U129-1)*100) -> 1.8296743 | AI129: =IF(AND(F129=0,V129=0),"ok 0",(F129/V129-1)*100) -> 22.325224 | AJ129: =IF(AND(G129=0,W129=0),"ok 0",(G129/W129-1)*100) -> ok 0 | AK129: =IF(AND(H129=0,X129=0),"ok 0",(H129/X129-1)*100) -> ok 0 | AL129: =IF(AND(I129=0,Y129=0),"ok 0",(I129/Y129-1)*100) -> ok 0 | AM129: =IF(AND(J129=0,Z129=0),"ok 0",(J129/Z129-1)*100) -> 1.8296743 | AN129: S0 : révision tendances ; autres : révision ppoint de départ
A130: Cheptels | B130: Productions Animales | C130: dont porc label | D130: Milliers effectifs | E130: =SUMIFS(ADEME!$F:$F,ADEME!$A:$A,$A130,ADEME!$B:$B,$B130,ADEME!$C:$C,$C130,ADEME!$D:$D,$D130,ADEME!$E:$E,F$9) -> 145.64911 | F130: =SUMIFS(ADEME!$L:$L,ADEME!$A:$A,$A130,ADEME!$B:$B,$B130,ADEME!$C:$C,$C130,ADEME!$D:$D,$D130,ADEME!$E:$E,F$9) -> 248.37092 | G130: =SUMIFS(ADEME!$L:$L,ADEME!$A:$A,$A130,ADEME!$B:$B,$B130,ADEME!$C:$C,$C130,ADEME!$D:$D,$D130,ADEME!$E:$E,G$9) -> 254.88594 | H130: =SUMIFS(ADEME!$L:$L,ADEME!$A:$A,$A130,ADEME!$B:$B,$B130,ADEME!$C:$C,$C130,ADEME!$D:$D,$D130,ADEME!$E:$E,H$9) -> 1369.1016 | I130: =SUMIFS(ADEME!$L:$L,ADEME!$A:$A,$A130,ADEME!$B:$B,$B130,ADEME!$C:$C,$C130,ADEME!$D:$D,$D130,ADEME!$E:$E,I$9) -> 3058.6313 | J130: =SUMIFS(ADEME!$L:$L,ADEME!$A:$A,$A130,ADEME!$B:$B,$B130,ADEME!$C:$C,$C130,ADEME!$D:$D,$D130,ADEME!$E:$E,J$9) -> 88.845956 | L130: =A130&"-"&B130&"-"&C130 -> Cheptels-Productions Animales-dont porc label | M130: =MATCH(L130,[6]RESULTATS_4!$W:$W,FALSE) -> 212 | N130: {=IFERROR(INDEX([6]RESULTATS_4!G:G,$M130),"-")} -> Cheptels | O130: {=IFERROR(INDEX([6]RESULTATS_4!H:H,$M130),"-")} -> Productions Animales | P130: {=IFERROR(INDEX([6]RESULTATS_4!I:I,$M130),"-")} -> dont porc label | Q130: {=IFERROR(INDEX([6]RESULTATS_4!$J:$J,M130),"-")} -> Milliers effectifs | S130: =C130&"-"&D130 -> dont porc label-Milliers effectifs | T130: =MATCH(S130,[2]S0!$R:$R,FALSE) -> #N/A | U130: 143.03209 | V130: 203.04146 | W130: 250.30615 | X130: 1344.5016 | Y130: 3003.6738 | Z130: 87.249573 | AB130: 108 | AC130: 520.74743 | AD130: 108 | AE130: 267.81296 | AH130: =IF(AND(E130=0,U130=0),"ok 0",(E130/U130-1)*100) -> 1.8296743 | AI130: =IF(AND(F130=0,V130=0),"ok 0",(F130/V130-1)*100) -> 22.325224 | AJ130: =IF(AND(G130=0,W130=0),"ok 0",(G130/W130-1)*100) -> 1.8296743 | AK130: =IF(AND(H130=0,X130=0),"ok 0",(H130/X130-1)*100) -> 1.8296743 | AL130: =IF(AND(I130=0,Y130=0),"ok 0",(I130/Y130-1)*100) -> 1.8296743 | AM130: =IF(AND(J130=0,Z130=0),"ok 0",(J130/Z130-1)*100) -> 1.8296743 | AN130: S0 : révision tendances ; autres : révision ppoint de départ
A131: Cheptels | B131: Productions Animales | C131: dont porc bio | D131: Milliers effectifs | E131: =SUMIFS(ADEME!$F:$F,ADEME!$A:$A,$A131,ADEME!$B:$B,$B131,ADEME!$C:$C,$C131,ADEME!$D:$D,$D131,ADEME!$E:$E,F$9) -> 145.64911 | F131: =SUMIFS(ADEME!$L:$L,ADEME!$A:$A,$A131,ADEME!$B:$B,$B131,ADEME!$C:$C,$C131,ADEME!$D:$D,$D131,ADEME!$E:$E,F$9) -> 149.02255 | G131: =SUMIFS(ADEME!$L:$L,ADEME!$A:$A,$A131,ADEME!$B:$B,$B131,ADEME!$C:$C,$C131,ADEME!$D:$D,$D131,ADEME!$E:$E,G$9) -> 2293.9735 | H131: =SUMIFS(ADEME!$L:$L,ADEME!$A:$A,$A131,ADEME!$B:$B,$B131,ADEME!$C:$C,$C131,ADEME!$D:$D,$D131,ADEME!$E:$E,H$9) -> 2053.6524 | I131: =SUMIFS(ADEME!$L:$L,ADEME!$A:$A,$A131,ADEME!$B:$B,$B131,ADEME!$C:$C,$C131,ADEME!$D:$D,$D131,ADEME!$E:$E,I$9) -> 1310.842 | J131: =SUMIFS(ADEME!$L:$L,ADEME!$A:$A,$A131,ADEME!$B:$B,$B131,ADEME!$C:$C,$C131,ADEME!$D:$D,$D131,ADEME!$E:$E,J$9) -> 88.845956 | L131: =A131&"-"&B131&"-"&C131 -> Cheptels-Productions Animales-dont porc bio | M131: =MATCH(L131,[6]RESULTATS_4!$W:$W,FALSE) -> 210 | N131: {=IFERROR(INDEX([6]RESULTATS_4!G:G,$M131),"-")} -> Cheptels | O131: {=IFERROR(INDEX([6]RESULTATS_4!H:H,$M131),"-")} -> Productions Animales | P131: {=IFERROR(INDEX([6]RESULTATS_4!I:I,$M131),"-")} -> dont porc bio | Q131: {=IFERROR(INDEX([6]RESULTATS_4!$J:$J,M131),"-")} -> Milliers effectifs | S131: =C131&"-"&D131 -> dont porc bio-Milliers effectifs | T131: =MATCH(S131,[2]S0!$R:$R,FALSE) -> #N/A | U131: 143.03209 | V131: 121.82488 | W131: 2252.7554 | X131: 2016.7524 | Y131: 1287.2888 | Z131: 87.249573 | AB131: 109 | AC131: 312.44846 | AD131: 109 | AE131: 200.85972 | AH131: =IF(AND(E131=0,U131=0),"ok 0",(E131/U131-1)*100) -> 1.8296743 | AI131: =IF(AND(F131=0,V131=0),"ok 0",(F131/V131-1)*100) -> 22.325224 | AJ131: =IF(AND(G131=0,W131=0),"ok 0",(G131/W131-1)*100) -> 1.8296743 | AK131: =IF(AND(H131=0,X131=0),"ok 0",(H131/X131-1)*100) -> 1.8296743 | AL131: =IF(AND(I131=0,Y131=0),"ok 0",(I131/Y131-1)*100) -> 1.8296743 | AM131: =IF(AND(J131=0,Z131=0),"ok 0",(J131/Z131-1)*100) -> 1.8296743 | AN131: S0 : révision tendances ; autres : révision ppoint de départ
A132: Cheptels | B132: Productions Animales | C132: Nombre de places de poulets de chair | D132: Milliers effectifs | E132: =SUMIFS(ADEME!$F:$F,ADEME!$A:$A,$A132,ADEME!$B:$B,$B132,ADEME!$C:$C,$C132,ADEME!$D:$D,$D132,ADEME!$E:$E,F$9) -> 148587.8 | F132: =SUMIFS(ADEME!$L:$L,ADEME!$A:$A,$A132,ADEME!$B:$B,$B132,ADEME!$C:$C,$C132,ADEME!$D:$D,$D132,ADEME!$E:$E,F$9) -> 126902.73 | G132: =SUMIFS(ADEME!$L:$L,ADEME!$A:$A,$A132,ADEME!$B:$B,$B132,ADEME!$C:$C,$C132,ADEME!$D:$D,$D132,ADEME!$E:$E,G$9) -> 104011.46 | H132: =SUMIFS(ADEME!$L:$L,ADEME!$A:$A,$A132,ADEME!$B:$B,$B132,ADEME!$C:$C,$C132,ADEME!$D:$D,$D132,ADEME!$E:$E,H$9) -> 118870.24 | I132: =SUMIFS(ADEME!$L:$L,ADEME!$A:$A,$A132,ADEME!$B:$B,$B132,ADEME!$C:$C,$C132,ADEME!$D:$D,$D132,ADEME!$E:$E,I$9) -> 148587.8 | J132: =SUMIFS(ADEME!$L:$L,ADEME!$A:$A,$A132,ADEME!$B:$B,$B132,ADEME!$C:$C,$C132,ADEME!$D:$D,$D132,ADEME!$E:$E,J$9) -> 156017.19 | L132: =A132&"-"&B132&"-"&C132 -> Cheptels-Productions Animales-Nombre de places de poulets de chair | M132: =MATCH(L132,[6]RESULTATS_4!$W:$W,FALSE) -> 229 | N132: {=IFERROR(INDEX([6]RESULTATS_4!G:G,$M132),"-")} -> Cheptels | O132: {=IFERROR(INDEX([6]RESULTATS_4!H:H,$M132),"-")} -> Productions Animales | P132: {=IFERROR(INDEX([6]RESULTATS_4!I:I,$M132),"-")} -> Nombre de places de poulets de chair | Q132: {=IFERROR(INDEX([6]RESULTATS_4!$J:$J,M132),"-")} -> Milliers effectifs | S132: =C132&"-"&D132 -> Nombre de places de poulets de chair-Milliers effectifs | T132: =MATCH(S132,[2]S0!$R:$R,FALSE) -> 128 | U132: 180175.67 | V132: 252592.63 | W132: 126122.97 | X132: 144140.53 | Y132: 180175.67 | Z132: 189184.45 | AB132: 110 | AC132: 154723 | AD132: 110 | AE132: 154723 | AH132: =IF(AND(E132=0,U132=0),"ok 0",(E132/U132-1)*100) -> -17.531705 | AI132: =IF(AND(F132=0,V132=0),"ok 0",(F132/V132-1)*100) -> -49.759926 | AJ132: =IF(AND(G132=0,W132=0),"ok 0",(G132/W132-1)*100) -> -17.531705 | AK132: =IF(AND(H132=0,X132=0),"ok 0",(H132/X132-1)*100) -> -17.531705 | AL132: =IF(AND(I132=0,Y132=0),"ok 0",(I132/Y132-1)*100) -> -17.531705 | AM132: =IF(AND(J132=0,Z132=0),"ok 0",(J132/Z132-1)*100) -> -17.531705 | AN132: S0 : révision tendances ; autres : révision ppoint de départ
A133: Cheptels | B133: Productions Animales | C133: dont poulet standard | D133: Milliers effectifs | E133: =SUMIFS(ADEME!$F:$F,ADEME!$A:$A,$A133,ADEME!$B:$B,$B133,ADEME!$C:$C,$C133,ADEME!$D:$D,$D133,ADEME!$E:$E,F$9) -> 56463.364 | F133: =SUMIFS(ADEME!$L:$L,ADEME!$A:$A,$A133,ADEME!$B:$B,$B133,ADEME!$C:$C,$C133,ADEME!$D:$D,$D133,ADEME!$E:$E,F$9) -> 44415.954 | G133: =SUMIFS(ADEME!$L:$L,ADEME!$A:$A,$A133,ADEME!$B:$B,$B133,ADEME!$C:$C,$C133,ADEME!$D:$D,$D133,ADEME!$E:$E,G$9) -> 0 | H133: =SUMIFS(ADEME!$L:$L,ADEME!$A:$A,$A133,ADEME!$B:$B,$B133,ADEME!$C:$C,$C133,ADEME!$D:$D,$D133,ADEME!$E:$E,H$9) -> 0 | I133: =SUMIFS(ADEME!$L:$L,ADEME!$A:$A,$A133,ADEME!$B:$B,$B133,ADEME!$C:$C,$C133,ADEME!$D:$D,$D133,ADEME!$E:$E,I$9) -> 0 | J133: =SUMIFS(ADEME!$L:$L,ADEME!$A:$A,$A133,ADEME!$B:$B,$B133,ADEME!$C:$C,$C133,ADEME!$D:$D,$D133,ADEME!$E:$E,J$9) -> 92050.142 | L133: =A133&"-"&B133&"-"&C133 -> Cheptels-Productions Animales-dont poulet standard | M133: =MATCH(L133,[6]RESULTATS_4!$W:$W,FALSE) -> 214 | N133: {=IFERROR(INDEX([6]RESULTATS_4!G:G,$M133),"-")} -> Cheptels | O133: {=IFERROR(INDEX([6]RESULTATS_4!H:H,$M133),"-")} -> Productions Animales | P133: {=IFERROR(INDEX([6]RESULTATS_4!I:I,$M133),"-")} -> dont poulet standard | Q133: {=IFERROR(INDEX([6]RESULTATS_4!$J:$J,M133),"-")} -> Milliers effectifs | S133: =C133&"-"&D133 -> dont poulet standard-Milliers effectifs | T133: =MATCH(S133,[2]S0!$R:$R,FALSE) -> 129 | U133: 122519.45 | V133: 151555.58 | W133: 0 | X133: 0 | Y133: 36035.133 | Z133: 177833.38 | AB133: 111 | AC133: 61889.2 | AD133: 111 | AE133: 94381.03 | AH133: =IF(AND(E133=0,U133=0),"ok 0",(E133/U133-1)*100) -> -53.914776 | AI133: =IF(AND(F133=0,V133=0),"ok 0",(F133/V133-1)*100) -> -70.69329 | AJ133: =IF(AND(G133=0,W133=0),"ok 0",(G133/W133-1)*100) -> ok 0 | AK133: =IF(AND(H133=0,X133=0),"ok 0",(H133/X133-1)*100) -> ok 0 | AL133: =IF(AND(I133=0,Y133=0),"ok 0",(I133/Y133-1)*100) -> -100 | AM133: =IF(AND(J133=0,Z133=0),"ok 0",(J133/Z133-1)*100) -> -48.237985 | AN133: Intégration de la catégorie poulets export -> fait diminuer poulet standard
A134: Cheptels | B134: Productions Animales | C134: dont poulets label | D134: Milliers effectifs | E134: =SUMIFS(ADEME!$F:$F,ADEME!$A:$A,$A134,ADEME!$B:$B,$B134,ADEME!$C:$C,$C134,ADEME!$D:$D,$D134,ADEME!$E:$E,F$9) -> 37146.95 | F134: =SUMIFS(ADEME!$L:$L,ADEME!$A:$A,$A134,ADEME!$B:$B,$B134,ADEME!$C:$C,$C134,ADEME!$D:$D,$D134,ADEME!$E:$E,F$9) -> 31725.682 | G134: =SUMIFS(ADEME!$L:$L,ADEME!$A:$A,$A134,ADEME!$B:$B,$B134,ADEME!$C:$C,$C134,ADEME!$D:$D,$D134,ADEME!$E:$E,G$9) -> 10401.146 | H134: =SUMIFS(ADEME!$L:$L,ADEME!$A:$A,$A134,ADEME!$B:$B,$B134,ADEME!$C:$C,$C134,ADEME!$D:$D,$D134,ADEME!$E:$E,H$9) -> 47548.096 | I134: =SUMIFS(ADEME!$L:$L,ADEME!$A:$A,$A134,ADEME!$B:$B,$B134,ADEME!$C:$C,$C134,ADEME!$D:$D,$D134,ADEME!$E:$E,I$9) -> 74293.9 | J134: =SUMIFS(ADEME!$L:$L,ADEME!$A:$A,$A134,ADEME!$B:$B,$B134,ADEME!$C:$C,$C134,ADEME!$D:$D,$D134,ADEME!$E:$E,J$9) -> 6240.6876 | L134: =A134&"-"&B134&"-"&C134 -> Cheptels-Productions Animales-dont poulets label | M134: =MATCH(L134,[6]RESULTATS_4!$W:$W,FALSE) -> 216 | N134: {=IFERROR(INDEX([6]RESULTATS_4!G:G,$M134),"-")} -> Cheptels | O134: {=IFERROR(INDEX([6]RESULTATS_4!H:H,$M134),"-")} -> Productions Animales | P134: {=IFERROR(INDEX([6]RESULTATS_4!I:I,$M134),"-")} -> dont poulets label | Q134: {=IFERROR(INDEX([6]RESULTATS_4!$J:$J,M134),"-")} -> Milliers effectifs | S134: =C134&"-"&D134 -> dont poulets label-Milliers effectifs | T134: =MATCH(S134,[2]S0!$R:$R,FALSE) -> 130 | U134: 45043.917 | V134: 63148.158 | W134: 12612.297 | X134: 57656.213 | Y134: 90087.833 | Z134: 7567.378 | AB134: 112 | AC134: 61889.2 | AD134: 112 | AE134: 44869.67 | AH134: =IF(AND(E134=0,U134=0),"ok 0",(E134/U134-1)*100) -> -17.531705 | AI134: =IF(AND(F134=0,V134=0),"ok 0",(F134/V134-1)*100) -> -49.759926 | AJ134: =IF(AND(G134=0,W134=0),"ok 0",(G134/W134-1)*100) -> -17.531705 | AK134: =IF(AND(H134=0,X134=0),"ok 0",(H134/X134-1)*100) -> -17.531705 | AL134: =IF(AND(I134=0,Y134=0),"ok 0",(I134/Y134-1)*100) -> -17.531705 | AM134: =IF(AND(J134=0,Z134=0),"ok 0",(J134/Z134-1)*100) -> -17.531705 | AN134: S0 : révision tendances ; autres : révision ppoint de départ
