Workbook

Sheet Synthèse
A1: PB name | B1: GHG emissions | C1: Blue water consumption | D1: Agricultural land | E1: N surplus | F1: P surplus | G1: Final energy use | H1: Raw material consumption | I1: Biodiversity loss - PDF | J1: Biodiversity loss - HANPP
A2: Lower safe bound | B2: =(1.33*10+163.83)/74 -> 2.3936486 | C2: 1100 | E2: 34
A3: Safe limit | B3: =(1.33*130+163.83)/74 -> 4.5504054 | C3: 2800 | D3: 43.2 | E3: 57 | F3: 4.5 | G3: 39.6 | H3: 25 | I3: 6.5 | J3: 5.59
A4: Upper safe bound | B4: =(1.33*1050+163.83)/74 -> 21.085541 | C4: 4500 | D4: 48 | E4: 74 | F4: 9 | G4: 49 | H4: 50 | I4: =I3*7 -> 45.5 | J4: =J3*2 -> 11.18
A5: Unit budget | B5: GtCO2eq | C5: km3 | D5: M km2 | E5: Tg | F5: Tg | G5: GJ/hab. | H5: Gt | I5: 1e12 PDF.m2.yr | J5: GtC
A7: Unit conversion budget | B7: 0.001 | C7: 1 | D7: 0.001 | E7: 0.001 | F7: 0.001 | G7: 0.000277778 | H7: 0.001 | I7: 0.001 | J7: 0.001
A8: Equality (Lower bound) | B8: =((Population!C119/100)*B2)/B7 -> 17.558864 | C8: =(Population!C119/100)*C2/C7 -> 8.0691671 | D8: =((Population!C119/100)*D2)/D7 -> 0 | E8: =((Population!C119/100)*E2)/E7 -> 249.41062 | F8: =((Population!C119/100)*F2)*1000 -> 0 | G8: =(G2*Population!C118)*0.000366668 -> 0 | H8: =((Population!C119/100)*H2)*1000 -> 0 | I8: =(Population!C119/100)*I2 -> 0 | J8: =(Population!D116/100)*J2 -> 0
A9: Equality | B9: =((Population!C119/100)*B3)/B7 -> 33.379983 | C9: =(Population!C119/100)*C3/C7 -> 20.539698 | D9: =((Population!C119/100)*D3)/D7 -> 316.8982 | E9: =((Population!C119/100)*E3)/E7 -> 418.12957 | F9: =((Population!C119/100)*F3)/F7 -> 33.010229 | G9: =(G3*Population!C118)*G7 -> 776.69114 | H9: =((Population!C119/100)*H3)/H7 -> 183.39016 | I9: =(Population!C119/100)*I3/I7 -> 47.681442 | J9: =(Population!C119/100)*J3/J7 -> 41.00604
A10: Equality (Upper bound) | B10: =((Population!C119/100)*B4)/B7 -> 154.67523 | C10: =(Population!C119/100)*C4/C7 -> 33.010229 | D10: =((Population!C119/100)*D4)/D7 -> 352.10911 | E10: =((Population!C119/100)*E4)/E7 -> 542.83487 | F10: =((Population!C119/100)*F4)/F7 -> 66.020458 | G10: =(G4*Population!C118)*G7 -> 961.05722 | H10: =((Population!C119/100)*H4)/H7 -> 366.78032 | I10: =(Population!C119/100)*I4/I7 -> 333.77009 | J10: =(Population!C119/100)*J4/J7 -> 82.01208
A11: Figures unit | B11: MtCO2e | C11: Md m3 | D11: Md m2 | E11: Gg | F11: Gg | G11: TWh | H11: Mt | I11: Md PDF.m2.yr | J11: MtC
A12: Unit conversion Exiobase | B12: 1 | C12: 1000 | D12: 1000 | E12: 0.001 | F12: 0.001 | G12: =1/0.000277778 -> 3599.9971 | H12: 1000 | I12: 1000000000 | J12: 0.001
A14: Unit Exiobase | B14: MtCO2eq | C14: Mm3 | D14: km2 | E14: Tg | F14: Tg | G14: TJ | H14: kt | I14: PDF.m2.yr | J14: GtC
A16: Unit conversion budget (p. cap) | B16: 1e-09 | C16: 1e-09 | D16: 1e-12 | E16: 1e-09 | F16: 1e-09 | G16: 1 | H16: 1e-09 | I16: 1e-12 | J16: 1e-09
A17: Equality (Lower bound) (p. cap) | B17: =B2*1000000000/(Population!B118*1000) -> 0.24868014 | C17: =C2*1000000000/(Population!B118*1000) -> 114.28083 | D17: =D2*1000000000000/(Population!B118*1000) -> 0 | E17: =E2*1000000000/(Population!B118*1000) -> 3.5323166 | F17: =F2*1000000000/(Population!B118*1000) -> 0 | G17: =G2 -> 0 | H17: =H2*1000000000/(Population!B118*1000) -> 0 | I17: =I2*1000000/(Population!B118*1000) -> 0 | J17: =J2*1000000/(Population!C115*1000) -> 0
A18: Equality (p.cap) | B18: =B3*1000000000/(Population!B118*1000) -> 0.47274919 | C18: =C3*1000000000/(Population!B118*1000) -> 290.89666 | D18: =D3*1000000000000/(Population!B118*1000) -> 4488.1199 | E18: =E3*1000000000/(Population!B118*1000) -> 5.9218249 | F18: =F3*1000000000/(Population!B118*1000) -> 0.46751249 | G18: =G3 -> 39.6 | H18: =H3*1000000000/(Population!B118*1000) -> 2.5972916 | I18: =I3/(Population!B118*1000)*1000000000000 -> 675.29582 | J18: =J3/(Population!C118*1000)*1000000000 -> 79.169242
A19: Equality (Upper bound) (p.cap) | B19: =B4*1000000000/(Population!B118*1000) -> 2.1906119 | C19: =C4*1000000000/(Population!B118*1000) -> 467.51249 | D19: =D4*1000000000000/(Population!B118*1000) -> 4986.7999 | E19: =E4*1000000000/(Population!B118*1000) -> 7.6879831 | F19: =F4*1000000000/(Population!B118*1000) -> 0.93502498 | G19: =G4 -> 49 | H19: =H4*1000000000/(Population!B118*1000) -> 5.1945832 | I19: =I4*1000000000000/(Population!B118*1000) -> 4727.0707 | J19: =J4*1000000000/(Population!C118*1000) -> 158.33848
A20: Figures unit (p.cap) | B20: tCO2eq | C20: m3 | D20: m2 | E20: kg | F20: kg | G20: GJ | H20: t | I20: PDF.m2.yr | J20: tC
A21: Unit conversion Exiobase (p.cap) | B21: 1e-06 | C21: 1e-06 | D21: 1e-06 | E21: 1e-09 | F21: 1e-09 | G21: 0.001 | H21: 0.001 | I21: 1 | J21: 1e-09

Sheet Synthèse agri
A1: PB name | B1: GHG emissions | C1: Blue water consumption | D1: Agricultural land | E1: N surplus | F1: P surplus | G1: Biodiversity loss - HANPP
A2: Lower safe bound
A3: Safe limit | B3: 5 | C3: 2000 | D3: 48 | E3: 57 | F3: 4.5 | G3: 5.5
A4: Upper safe bound
A5: Unit budget | B5: GtCO2eq | C5: km3 | D5: M km2 | E5: Tg | F5: Tg | G5: GtC
A7: Unit conversion budget | B7: 0.001 | C7: 1 | D7: 0.001 | E7: 0.001 | F7: 0.001 | G7: 0.001
A8: Equality (Lower bound) | B8: =((Population!C119/100)*B2)/B7 -> 0 | C8: =(Population!C119/100)*C2/C7 -> 0 | D8: =((Population!C119/100)*D2)/D7 -> 0 | E8: =((Population!C119/100)*E2)/E7 -> 0 | F8: =((Population!C119/100)*F2)*1000 -> 0 | G8: =(Population!D116/100)*G2 -> 0
A9: Equality | B9: =((Population!C119/100)*B3)/B7 -> 36.678032 | C9: =(Population!C119/100)*C3/C7 -> 14.671213 | D9: =((Population!C119/100)*D3)/D7 -> 352.10911 | E9: =((Population!C119/100)*E3)/E7 -> 418.12957 | F9: =((Population!C119/100)*F3)/F7 -> 33.010229 | G9: =(Population!C119/100)*G3/G7 -> 40.345835
A10: Equality (Upper bound) | B10: =((Population!C119/100)*B4)/B7 -> 0 | C10: =(Population!C119/100)*C4/C7 -> 0 | D10: =((Population!C119/100)*D4)/D7 -> 0 | E10: =((Population!C119/100)*E4)/E7 -> 0 | F10: =((Population!C119/100)*F4)/F7 -> 0 | G10: =(Population!C119/100)*G4/G7 -> 0
A11: Figures unit | B11: MtCO2e | C11: Md m3 | D11: Md m2 | E11: Gg | F11: Gg | G11: MtC
A12: Unit conversion Exiobase | B12: 1 | C12: 1000 | D12: 1000 | E12: 0.001 | F12: 0.001 | G12: 0.001
A14: Unit Exiobase | B14: MtCO2eq | C14: Mm3 | D14: km2 | E14: Tg | F14: Tg | G14: GtC
A16: Unit conversion budget (p. cap) | B16: 1e-09 | C16: 1e-09 | D16: 1e-12 | E16: 1e-09 | F16: 1e-09 | G16: 1e-09
A17: Equality (Lower bound) (p. cap) | B17: =B2*1000000000/(Population!B118*1000) -> 0 | C17: =C2*1000000000/(Population!B118*1000) -> 0 | D17: =D2*1000000000000/(Population!B118*1000) -> 0 | E17: =E2*1000000000/(Population!B118*1000) -> 0 | F17: =F2*1000000000/(Population!B118*1000) -> 0 | G17: =G2*1000000/(Population!C115*1000) -> 0
A18: Equality (p.cap) | B18: =B3*1000000000/(Population!B118*1000) -> 0.51945832 | C18: =C3*1000000000/(Population!B118*1000) -> 207.78333 | D18: =D3*1000000000000/(Population!B118*1000) -> 4986.7999 | E18: =E3*1000000000/(Population!B118*1000) -> 5.9218249 | F18: =F3*1000000000/(Population!B118*1000) -> 0.46751249 | G18: =G3/(Population!C118*1000)*1000000000 -> 77.894603
A19: Equality (Upper bound) (p.cap) | B19: =B4*1000000000/(Population!B118*1000) -> 0 | C19: =C4*1000000000/(Population!B118*1000) -> 0 | D19: =D4*1000000000000/(Population!B118*1000) -> 0 | E19: =E4*1000000000/(Population!B118*1000) -> 0 | F19: =F4*1000000000/(Population!B118*1000) -> 0 | G19: =G4*1000000000/(Population!C118*1000) -> 0
A20: Figures unit (p.cap) | B20: tCO2eq | C20: m3 | D20: m2 | E20: kg | F20: kg | G20: tC
A21: Unit conversion Exiobase (p.cap) | B21: 1e-06 | C21: 1e-06 | D21: 1e-06 | E21: 1e-09 | F21: 1e-09 | G21: 1e-09

Sheet Population
A1: Année | B1: Monde | C1: France | D1: Europe | E1: USA | F1: Chine
A2: 1990 | B2: 5327803.1 | C2: 58604.902 | D2: 419997.47 | E2: 253373.39 | F2: 1153582.7
A3: 1991 | B3: 5418735.9 | C3: 58919.182 | D3: 421419.17 | E3: 256471.42 | F3: 1170788.5
A4: 1992 | B4: 5505989.8 | C4: 59235.822 | D4: 422863.6 | E4: 259606.02 | F4: 1184574.2
A5: 1993 | B5: 5591544.8 | C5: 59515.843 | D5: 424104.7 | E5: 262633.23 | F5: 1197308.6
A6: 1994 | B6: 5675551.3 | C6: 59747.877 | D6: 425188.99 | E6: 265474.81 | F6: 1209003.1
A7: 1995 | B7: 5758879 | C7: 59973.548 | D7: 425847.83 | E7: 268205.79 | F7: 1220133.9
A8: 1996 | B8: 5842055.7 | C8: 60195.176 | D8: 426181.87 | E8: 270860.7 | F8: 1230944.8
A9: 1997 | B9: 5924787.8 | C9: 60416.198 | D9: 426651.67 | E9: 273468.01 | F9: 1241139.6
A10: 1998 | B10: 6007066.7 | C10: 60657.507 | D10: 426655.43 | E10: 276119.33 | F10: 1250847.1
A11: 1999 | B11: 6089006.3 | C11: 60987.091 | D11: 426830.63 | E11: 278785.48 | F11: 1260176.7
A12: 2000 | B12: 6171703 | C12: 61404.918 | D12: 427627.32 | E12: 281484.13 | F12: 1269581.2
A13: 2001 | B13: 6254936.5 | C13: 61843.576 | D13: 428578.29 | E13: 284279.64 | F13: 1278725.1
... A112: 2100 | B112: 10180161 | C112: 71941.827 | D112: 347864.82 | E112: 421278.89 | F112: 633368.11
A114: Part 2019 | B114: =B31*100/B31 -> 100 | C114: =C31*100/B31 -> 0.86947355 | D114: =D31*100/B31 -> 5.72721 | E114: =E31*100/B31 -> 4.3243806 | F114: =F31*100/B31 -> 18.223874
A115: Moyenne 2019-2050 | B115: =AVERAGE(B31:B62) -> 8813416.8 | C115: =AVERAGE(C31:C62) -> 69777.193 | D115: =AVERAGE(D31:D62) -> 438777.2 | E115: =AVERAGE(E31:E62) -> 361257.25 | F115: =AVERAGE(F31:F62) -> 1365292.2
A116: Part 2019-2050 | B116: =B115/B115 -> 1 | C116: =C115*100/B115 -> 0.79171557 | D116: =D115*100/B115 -> 4.9785142 | E116: =E115*100/B115 -> 4.0989466 | F116: =F115*100/B115 -> 15.491066
A117: Part 2050 | B117: =B62*100/B62 -> 100 | C117: =C62*100/B62 -> 0.73348552 | D117: =D62*100/B62 -> 4.3557414 | E117: =E62*100/B62 -> 3.9407284 | F117: =F62*100/B62 -> 13.04056
A118: Moyenne 2019-2100 | B118: =AVERAGE(B31:B112) -> 9625411.3 | C118: =AVERAGE(C31:C112) -> 70608.229 | D118: =AVERAGE(D31:D112) -> 402347.66 | E118: =AVERAGE(E31:E112) -> 386346.64 | F118: =AVERAGE(F31:F112) -> 1101676.6
A119: Part 2019-2100 | B119: =B118/B118 -> 1 | C119: =C118*100/B118 -> 0.73356064 | D119: =D118*100/B118 -> 4.1800567 | E119: =E118*100/B118 -> 4.0138195 | F119: =F118*100/B118 -> 11.445502
A122: Source | B122: https://population.un.org/wpp/downloads?folder=Standard%20Projections&group=Most%20used
B123: medium variant, 1st july

Sheet Capacité
A1: Année | B1: World | C1: France | D1: UE | E1: USA | F1: Chine
A2: 1990 | B2: 59746506695071 | C2: 2252131019723 | D2: 14055046900287 | E2: 11079319700573 | F2: 1892142389584
A3: 1991 | B3: 60258490453633 | C3: 2279982279111 | D3: 14163697291311 | E3: 11067319371015 | F3: 2069542704119
A4: 1992 | B4: 61053199066222 | C4: 2314548203919 | D4: 14246781423744 | E4: 11457165382936 | F4: 2365438109816
A5: 1993 | B5: 61978794358267 | C5: 2306239026543 | D5: 14165170093636 | E5: 11772443185977 | F5: 2694851453398
A6: 1994 | B6: 63652014872828 | C6: 2361211943582 | D6: 14548276355074 | E6: 12246757597390 | F6: 3047411115925
A7: 1995 | B7: 65638271921048 | C7: 2415632986071 | D7: 14965907122544 | E7: 12575513322951 | F7: 3383096056447
A8: 1996 | B8: 68072956904076 | C8: 2449381308301 | D8: 15272122048686 | E8: 13049958855286 | F8: 3720501963123
A9: 1997 | B9: 70778368389422 | C9: 2511278683612 | D9: 15664417730527 | E9: 13630307220971 | F9: 4066419152961
A10: 1998 | B10: 72514571649884 | C10: 2597982949374 | D10: 16123564133041 | E10: 14241372070382 | F10: 4388623718711
A11: 1999 | B11: 75129460995882 | C11: 2686296393899 | D11: 16590357951915 | E11: 14923309497831 | F11: 4728357537870
A12: 2000 | B12: 78748266091431 | C12: 2797535926604 | D12: 17242731410767 | E12: 15531820240832 | F12: 5133746736757
A13: 2001 | B13: 80651158295443 | C13: 2850674198675 | D13: 17630418686268 | E13: 15680232737760 | F13: 5561082225597
... A62: 2050 | B62: 339093531203398 | C62: 5237103975196 | D62: 35011485833414 | E62: 37468791909741 | F62: 63603413830667
A64: 2019 | B64: =B31/Population!B31 -> 19465657 | C64: =C31/Population!C31 -> 53027471 | D64: =D31/Population!D31 -> 51609102 | E64: =E31/Population!E31 -> 67573681 | F64: =F31/Population!F31 -> 18612019
A65: Ratio 2019 | B65: 1 | C65: =C64/B64 -> 2.7241551 | D65: =D64/B64 -> 2.6512899 | E65: =E64/B64 -> 3.4714307 | F65: =F64/B64 -> 0.95614642
A66: Moyenne 1990-2019 | B66: =SUM(B2:B31)/SUM(Population!B2:B31) -> 14761984 | C66: =SUM(C2:C31)/SUM(Population!C2:C31) -> 46375102 | D66: =SUM(D2:D31)/SUM(Population!D2:D31) -> 42243265 | E66: =SUM(E2:E31)/SUM(Population!E2:E31) -> 56694165 | F66: =SUM(F2:F31)/SUM(Population!F2:F31) -> 8075380.8
A67: Ratio 1990-2019 | B67: 1 | C67: =C66/B66 -> 3.1415223 | D67: =D66/B66 -> 2.8616251 | E67: =E66/B66 -> 3.8405518 | F67: =F66/B66 -> 0.54703898
A68: Moyenne 2019-2050 | B68: =SUM(B31:B62)/SUM(Population!B31:B62) -> 27115979 | C68: =SUM(C31:C62)/SUM(Population!C31:C62) -> 62216790 | D68: =SUM(D31:D62)/SUM(Population!D31:D62) -> 65590895 | E68: =SUM(E31:E62)/SUM(Population!E31:E62) -> 84627670 | F68: =SUM(F31:F62)/SUM(Population!F31:F62) -> 34222559
A69: Ratio 2019-2050 | B69: 1 | C69: =C68/B68 -> 2.2944696 | D69: =D68/B68 -> 2.418902 | E69: =E68/B68 -> 3.1209521 | F69: =F68/B68 -> 1.2620809
A70: Moyenne 1990-2050 | B70: =SUM(B2:B62)/SUM(Population!B2:B62) -> 22080416 | C70: =SUM(C2:C62)/SUM(Population!C2:C62) -> 54965484 | D70: =SUM(D2:D62)/SUM(Population!D2:D62) -> 54403840 | E70: =SUM(E2:E62)/SUM(Population!E2:E62) -> 72594189 | F70: =SUM(F2:F62)/SUM(Population!F2:F62) -> 21933499
A71: Ratio 1990-2050 | B71: 1 | C71: =C70/B70 -> 2.4893319 | D71: =D70/B70 -> 2.4638956 | E71: =E70/B70 -> 3.2877184 | F71: =F70/B70 -> 0.9933463
A73: Unité | B73: GDP PPP, per capita, constant 2021 USD
A74: GDP PPP | B74: https://data.worldbank.org/indicator/NY.GDP.PCAP.PP.KD?end=2024&name_desc=false&start=1990&view=chart
A75: Projections SSP | B75: https://ssp.apps.ece.iiasa.ac.at/basic-elements?type=line-chart&variables=299
A76: ref = SSP2

Sheet DLS
A1: Nom LP | B1: GHG emissions | C1: Agricultural land | D1: Raw material consumption
A2: DLS lower bound (p.cap) | B2: 2.2
A3: DLS (p.cap) | C3: 4525.4862 | D3: 3.947781
A4: DLS upper bound (p.cap) | B4: 2.5
A6: DLS 2050 lower bound (p.cap) | B6: 0.3
A7: DLS 2050 (p.cap)
A8: DLS 2050 upper bound (p.cap) | B8: 0.5
A9: Unité | B9: tCO2e/hab/an | C9: m2/hab. | D9: t/hab/an
A11: DLS lower bound | B11: =(B2*Population!$C$31*0.000001)*1000 -> 149.41769
A12: DLS | B12: =(B3*Population!$C$31*0.000001)*1000 -> 0 | C12: =(C3*Population!$C$31*0.000000001*1000) -> 307.35805 | D12: =(D3*Population!$C$31*0.000001)*1000 -> 268.12197
A13: DLS upper bound | B13: =(B4*Population!$C$31*0.000001)*1000 -> 169.79283
A15: DLS 2050 lower bound | B15: =(B6*Population!$C$62*0.000001)*1000 -> 21.266045
A16: DLS 2050 | B16: =(B7*Population!$C$62*0.000001)*1000 -> 0
A17: DLS 2050 upper bound | B17: =(B8*Population!$C$62*0.000001)*1000 -> 35.443409
A18: Unité | B18: MtCO2e | C18: Md m2 | D18: Mt
F19: =11000000000/(Population!C31*1000) -> 161.96208 | G19: =F19/#REF! -> #REF!
A20: DLS total | B20: =(B3*Population!$C$31*0.000001)*1000 -> 0 | C20: =(C3*Population!C31*1000*0.000000001) -> 307.35805 | D20: =(D3*Population!C31*0.000001)*1000 -> 268.12197 | F20: =373*1000000000/(Population!C31*1000) -> 5491.9868 | G20: =F20/C3 -> 1.2135684
A22: Source GHG | B22: https://iopscience.iop.org/article/10.1088/1748-9326/adc3ad#erladc3ads5
A23: Source autres pressions | B23: https://www.sciencedirect.com/science/article/pii/S0921800925003027

Sheet DLS bis
A1: Nom LP | B1: GHG emissions | C1: Blue water consumption | D1: Agricultural land | E1: Raw material consumption
A2: Current system technology (p.hab) | B2: 2.5676943 | C2: 145.3 | D2: =4.53*1000 -> 4530 | E2: 3.95
A3: Efficient scenario (p.hab) | B3: 2.2045303 | C3: 140.3 | D3: =4.21 *1000 -> 4210 | E3: 3.67
A4: I-SDP-EI-2020 | B4: 2.4752334
A5: I-SDP-EI | B5: 0.50285616
A6: I-SDP-MC | B6: 0.32898282
A7: IDP-RC | B7: 0.47277171
A8: I-SSP2 | B8: 1.9231775
A9: Unité | B9: tCO2e/hab/an | C9: m3/hab./an | D9: m2/hab. | E9: t/hab/an
A11: Moyennes mondiales
A12: Current system technology (p.hab) | B12: 3.9404604 | C12: 205.43626 | D12: =3036.5975761951 -> 3036.5976 | E12: 4.8
A13: Efficient scenario (p.hab) | B13: 1.8456474 | C13: 198.12009 | D13: =2811.06984272459 -> 2811.0698 | E13: 3.2398753
A14: Unité | B14: tCO2e/hab/an | C14: m3/hab./an | D14: m2/hab. | E14: t/hab/an
A16: Current system technology | B16: =(B2*Population!$C$31*0.000001)*1000 -> 174.39043 | C16: =C2*Population!C31*1000*0.000000001 -> 9.8683594 | D16: =(D2*Population!C31*1000*0.000000001) -> 307.66461 | E16: =(E2*Population!C31*0.000001)*1000 -> 268.27268
A17: Efficient scenario | B17: =(B3*Population!$C$31*0.000001)*1000 -> 149.72538 | C17: =(C3*Population!C31*0.000001) -> 9.5287738 | D17: =(D3*Population!C31*0.000000001)*1000 -> 285.93113 | E17: =(E3*Population!C31*0.000001)*1000 -> 249.25588
A18: Unité | B18: MtCO2e | C18: Md m3 | D18: Md m2 | E18: Mt
A20: Source | B20: https://www.sciencedirect.com/science/article/pii/S0921800925003027

Sheet DLE
B2: Nutrition | E2: Shelter & living conditions | H2: Hygiene | K2: Clothing | M2: Healthcare | N2: Education | O2: Communication and information | R2: Mobility | T2: Other | U2: TOTAL
B3: Food | C3: Cooking appliances | D3: Cold Storage | E3: House construction | F3: Thermal comfort | G3: Illumination | H3: Water supply | I3: Water heating | J3: Waste management | K3: Clothes | L3: Clothes washing | O3: Phones | P3: Computers | Q3: ICT networks | R3: Vehicles | S3: Transport infrastructure
Q4: & data
A5: France | B5: 2.7 | C5: 0.3 | D5: 0.2 | E5: 0.8 | F5: 0.7 | G5: 0 | H5: 0.2 | I5: 1.3 | J5: 0.2 | K5: 0.3 | L5: 0.3 | M5: 1.4 | N5: 0.4 | O5: 0 | P5: 0.1 | Q5: 0.4 | R5: 2.3 | S5: 0.7 | T5: 3.3 | U5: =SUM(B5:T5) -> 15.6
A6: GJ/hab.
